ProductID,UniversalFit,SKU
60185,Yes,39110026
60186,Yes,4107510
60187,Yes,32505
60188,Yes,37505
60189,Yes,TOOL35
60190,Yes,TOOLB
60191,Yes,MP37
60192,Yes,MP51
60193,Yes,MP19
60194,Yes,MP17
60195,Yes,MP6
60196,Yes,MP50
60197,Yes,MP21
60198,Yes,MP7
60199,Yes,MP9
60200,Yes,MP11
60201,Yes,MP30
60202,Yes,MP43
60203,Yes,MP16
60204,Yes,MP12
60205,Yes,MP3
60206,Yes,MP20
60207,Yes,MP45
60208,Yes,MP14
60209,Yes,MP8
60210,Yes,MP4
60211,Yes,MP67
60212,Yes,MP36
60213,Yes,MP29
60214,Yes,MP5
60215,Yes,MP26
60216,Yes,MP22
60217,Yes,MP39
60218,Yes,MP31
60219,Yes,TD1
60220,Yes,LPBC
60221,Yes,LPCL
60222,Yes,LPW
60223,Yes,LPMC
60224,Yes,LPCM
60225,Yes,LPC
60226,Yes,LPP
60227,Yes,LPCS
60228,Yes,LPTC
60229,Yes,LPWA
60230,Yes,LPWS
60231,No,MG1
60232,No,MG2
60233,No,MG3
60234,No,MG4
60235,No,MG5
60236,No,MG6
60237,No,MG7
60238,No,MG8
60239,No,MG9
60240,No,ORT19R
60241,No,ORT14F
60242,No,ORT19F
60243,No,ORT10
60244,No,ORT17
60245,No,ORT21
60246,No,ORT12
60247,No,ORT16
60248,No,ORT14R
60249,Yes,153310
60250,Yes,143310
60251,Yes,152710
60252,Yes,142710
60253,Yes,151810
60254,Yes,141810
60255,Yes,151010
60256,Yes,141010
60257,Yes,151510
60258,Yes,141510
60259,Yes,152010
60260,Yes,142010
60261,Yes,151910
60262,Yes,141910
60263,Yes,153010
60264,Yes,143010
60265,Yes,151410
60266,Yes,141410
60267,Yes,152510
60268,Yes,142510
60269,Yes,143210
60270,Yes,153210
60271,Yes,152610
60272,Yes,142610
60273,Yes,151710
60274,Yes,141710
60275,Yes,151610
60276,Yes,141610
60277,Yes,153110
60278,Yes,143110
60279,No,OR2060BK
60280,No,OR2072BK
60281,Yes,OR2691XL
60282,Yes,ORRC
60283,No,L26508
60284,No,L26509
60285,No,L26510
60286,No,L26511
60287,Yes,3273651
60288,Yes,OR2210
60289,Yes,OR2089
60290,Yes,OR2033
60291,Yes,L10001
60292,Yes,L100011
60293,Yes,OR2034
60294,No,OR2611
60295,Yes,ORMGBK
60296,Yes,ORMGBU
60297,Yes,ORMGGN
60298,Yes,ORMGO
60299,Yes,ORMGR
60300,Yes,ORMGW
60301,Yes,OR2003
60302,Yes,OR2002
60303,Yes,OR2001
60304,Yes,OR2004
60305,Yes,12065
60306,Yes,12064
60307,Yes,12063
60308,Yes,12062
60309,No,OR1320046
60310,No,OR1502646
60311,No,OR1302546
60312,No,OR3204547
60313,No,OR1320047
60314,No,OR3222247
60315,No,OR1502647
60316,No,OR3204147
60317,No,OR3222147
60318,No,OR1302547
60319,No,OR3204548
60320,No,OR1320048
60321,No,OR3222248
60322,No,OR1502648
60323,No,OR3204148
60324,No,OR3222148
60325,No,OR1302548
60326,No,OR1520348
60327,No,OR3206548
60328,No,OR1301249
60329,No,OR3204549
60330,No,OR3222249
60331,No,OR1502649
60332,No,OR3204149
60333,No,OR3222149
60334,No,OR1302549
60335,No,OR1520349
60336,No,OR3206549
60337,No,OR1301250
60338,No,OR3204550
60339,No,OR1301550
60340,No,OR3222250
60341,No,OR1502650
60342,No,OR3204150
60343,No,OR3222150
60344,No,OR1302550
60345,No,OR1520350
60346,No,OR3206550
60347,No,OR1301251
60348,No,OR3204551
60349,No,OR1301551
60350,No,OR3222251
60351,No,OR3204151
60352,No,OR3222151
60353,No,OR3206551
60354,No,OR3206251
60355,No,OR1502651
60356,No,OR1301252
60357,No,OR3204552
60358,No,OR1301552
60359,No,OR3222252
60360,No,OR3204152
60361,No,OR3222152
60362,No,OR3206552
60363,No,OR1502652
60364,No,OR3204553
60365,No,OR3222253
60366,No,OR3204153
60367,No,OR3222153
60368,No,OR3206553
60369,No,OR1301255
60370,No,OR1301256
60371,No,OR1301257
60372,No,OR1301258
60373,No,DASKS46
60374,No,DASKS47
60375,No,DASKS71
60376,No,DASKS29
60377,No,DASKS60
60378,No,DASKS72
60379,No,DASKS17
60380,No,DASKS19
60381,No,DASKS20
60382,No,DASKS30
60383,No,DASKS31
60384,No,DASKS32
60385,No,DASKS48
60386,No,DASKS73
60387,No,DASKS18
60388,No,DASKS49
60389,No,DASKS33
60390,No,DASKS50
60391,No,DASKS61
60392,No,DASKS62
60393,No,DASKS64
60394,No,DASKS74
60395,No,DASKS22
60396,No,DASKS23
60397,No,DASKS24
60398,No,DASKS34
60399,No,DASKS35
60400,No,DASKS36
60401,No,DASKS51
60402,No,DASKS52
60403,No,DASKS63
60404,No,DASKS75
60405,No,DASKS21
60406,No,DASKS53
60407,No,DASKS55
60408,No,DASKS54
60409,No,DASKS57
60410,No,DASKS65
60411,No,DASKS66
60412,No,DASKS77
60413,No,DASKS79
60414,No,DASKS80
60415,No,DASKS26
60416,No,DASKS27
60417,No,DASKS37
60418,No,DASKS38
60419,No,DASKS39
60420,No,DASKS40
60421,No,DASKS56
60422,No,DASKS76
60423,No,DASKS78
60424,No,DASKS25
60425,No,DASKS58
60426,No,DASKS59
60427,No,DASKS67
60428,No,DASKS70
60429,No,DASKS81
60430,No,DASKS41
60431,No,DASKS42
60432,No,DASKS43
60433,No,DASKS44
60434,No,DASKS82
60435,No,DASKS83
60436,No,DASKS28
60437,No,DASKS68
60438,No,DASKS69
60439,No,DASKS45
60440,No,DASKS84
60441,No,DASKS85
60442,No,DASK1
60443,No,DASK9
60444,No,DASK47
60445,No,DASK71
60446,No,DASK10
60447,No,DASK11
60448,No,DASK14
60449,No,DASK46
60450,No,DASK86
60451,No,DASK29
60452,No,DASK60
60453,No,DASK72
60454,No,DASK17
60455,No,DASK19
60456,No,DASK20
60457,No,DASK30
60458,No,DASK31
60459,No,DASK32
60460,No,DASK7
60461,No,DASK12
60462,No,DASK13
60463,No,DASK15
60464,No,DASK48
60465,No,DASK73
60466,No,DASK18
60467,No,DASK87
60468,No,DASK49
60469,No,DASK33
60470,No,DASK50
60471,No,DASK61
60472,No,DASK62
60473,No,DASK64
60474,No,DASK74
60475,No,DASK22
60476,No,DASK23
60477,No,DASK24
60478,No,DASK34
60479,No,DASK35
60480,No,DASK36
60481,No,DASK8
60482,No,DASK16
60483,No,DASK51
60484,No,DASK52
60485,No,DASK63
60486,No,DASK75
60487,No,DASK21
60488,No,DASK2
60489,No,DASK53
60490,No,DASK55
60491,No,DASK54
60492,No,DASK57
60493,No,DASK65
60494,No,DASK66
60495,No,DASK77
60496,No,DASK79
60497,No,DASK80
60498,No,DASK26
60499,No,DASK27
60500,No,DASK37
60501,No,DASK38
60502,No,DASK39
60503,No,DASK40
60504,No,DASK5
60505,No,DASK56
60506,No,DASK76
60507,No,DASK78
60508,No,DASK25
60509,No,DASK58
60510,No,DASK6
60511,No,DASK59
60512,No,DASK67
60513,No,DASK70
60514,No,DASK81
60515,No,DASK41
60516,No,DASK42
60517,No,DASK43
60518,No,DASK44
60519,No,DASK82
60520,No,DASK83
60521,No,DASK28
60522,No,DASK68
60523,No,DASK69
60524,No,DASK45
60525,No,DASK84
60526,No,DASK85
60527,No,DASK3
60528,No,DASK4
60529,No,OR2020BK
60530,No,OR2020BU
60531,No,OR2020R
60532,No,OR2020S
60533,No,OR2222S
60534,No,OR2018BK
60535,No,OR2017BK
60536,No,OR2017BU
60537,No,OR2018BU
60538,No,OR2017R
60539,No,OR2018R
60540,No,OR2017S
60541,No,OR2018S
60542,No,OR2016BK
60543,No,OR2011BK
60544,No,OR2012BK
60545,No,OR2013BK
60546,No,OR2014BK
60547,No,OR2015BK
60548,No,OR2016BU
60549,No,OR2011BU
60550,No,OR2012BU
60551,No,OR2013BU
60552,No,OR2014BU
60553,No,OR2015BU
60554,No,OR2015R
60555,No,OR2016R
60556,No,OR2011R
60557,No,OR2012R
60558,No,OR2013R
60559,No,OR2014R
60560,No,OR2015S
60561,No,OR2011S
60562,No,OR2012S
60563,No,OR2013S
60564,No,OR2014S
60565,No,OR2016S
60566,No,OR2747
60567,No,OR2748
60568,No,OR2749
60569,No,OR2750
60570,No,OR2751
60571,No,OR2752
60572,No,OR2753
60573,No,OR2755
60574,No,OR2756
60575,No,OR2757
60576,No,OR2758
60577,No,OR2759
60578,No,OR2760
60579,No,OR2761
60580,No,OR2762
60581,No,OR2763
60582,No,OR2764
60583,No,OR2765
60584,No,OR2766
60585,No,OR2767
60586,No,OR2769
60587,No,OR2770
60588,No,OR2771
60589,No,OR2772
60590,No,OR2773
60591,No,OR2774
60592,No,OR2775
60593,No,OR2776
60594,No,OR2777
60595,No,OR2778
60596,No,OR2779
60597,No,OR2780
60598,No,OR2781
60599,No,OR2782
60600,No,OR2783
60601,No,OR2784
60602,No,OR2785
60603,No,OR2786
60604,No,OR2788
60605,No,OR2789
60606,No,OR2790
60607,No,OR2791
60608,No,OR2792
60609,No,OR2793
60610,No,OR2794
60611,No,OR2795
60612,No,OR2796
60613,No,OR2768
60614,No,L01301BK
60615,No,L01302BK
60616,No,L01305BK
60617,No,L01306BK
60618,No,L01307BK
60619,No,L01308BK
60620,No,L01309BK
60621,No,L01301BU
60622,No,L01302BU
60623,No,L01305BU
60624,No,L01306BU
60625,No,L01307BU
60626,No,L01308BU
60627,No,L01309BU
60628,No,L01302GN
60629,No,L01301R
60630,No,L01302R
60631,No,L01305R
60632,No,L01306R
60633,No,L01307R
60634,No,L01308R
60635,No,L01309R
60636,Yes,OR3177
60637,Yes,OR3177W
60638,Yes,13001CBRB
60639,Yes,13001CBR
60640,Yes,13001GXB
60641,Yes,13001GX
60642,Yes,13001R1B
60643,Yes,13001R1
60644,Yes,13001R6B
60645,Yes,13001RRB
60646,Yes,13001RR
60647,Yes,13001ZXRB
60648,Yes,13001ZXR
60649,Yes,12075
60650,Yes,12074
60651,Yes,12101
60652,Yes,12061
60653,Yes,12060
60654,Yes,12100
60655,Yes,12204
60656,Yes,12203
60657,Yes,12202
60658,Yes,12201
60659,Yes,ORBP18BK
60660,Yes,ORBP18BU
60661,Yes,ORBP18GN
60662,Yes,ORBP18R
60663,Yes,ORBP18W
60664,Yes,ORBP18Y
60665,Yes,ORBP18O
60666,No,OR2472
60667,No,OR2469
60668,No,OR2725
60668,No,OR2725
60669,No,OR2726
60669,No,OR2726
60670,No,OR2727
60670,No,OR2727
60671,No,OR2728
60671,No,OR2728
60672,No,OR2730
60672,No,OR2730
60673,No,OR2729
60673,No,OR2729
60674,Yes,OR307BK
60675,Yes,OR307BU
60676,Yes,OR307R
60677,Yes,OR308BK
60678,Yes,OR308BU
60679,Yes,OR308R
60680,No,OR3115S
60681,No,OR3116S
60682,No,OR3117S
60683,No,OR3118S
60684,No,OR3119S
60685,No,OR3120S
60686,No,OR3121S
60687,No,OR3122S
60688,No,OR3123S
60689,No,OR3124S
60690,No,OR3125S
60691,No,12050
60692,No,12205
60693,No,12206
60694,No,12043
60695,No,12045
60696,No,12047
60697,No,12049
60698,No,12051
60699,No,12053
60700,No,12055
60701,No,12210
60702,No,12073
60703,No,12079
60704,No,12077
60705,No,12078
60706,No,12076
60707,No,12209
60708,No,12072
60709,No,12080
60710,No,12081
60711,No,12042
60712,No,12046
60713,No,12048
60714,No,12052
60715,No,12054
60716,No,12052B
60717,No,12044
60718,No,KIT10BK
60719,No,KIT11BK
60720,No,KIT13BK
60721,No,KIT14BK
60722,No,KIT15BK
60723,No,KIT16BK
60724,No,KIT17BK
60725,No,KIT18BK
60726,No,KIT19BK
60727,No,KIT1BK
60728,No,KIT20BK
60729,No,KIT21BK
60730,No,KIT22BK
60731,No,KIT2BK
60732,No,KIT3BK
60733,No,KIT4BK
60734,No,KIT5BK
60735,No,KIT6BK
60736,No,KIT8BK
60737,No,KIT9BK
60738,No,KIT7BK
60739,No,KIT23BK
60740,No,KIT24BK
60741,No,KIT10BU
60742,No,KIT11BU
60743,No,KIT13BU
60744,No,KIT14BU
60745,No,KIT15BU
60746,No,KIT16BU
60747,No,KIT17BU
60748,No,KIT18BU
60749,No,KIT19BU
60750,No,KIT1BU
60751,No,KIT20BU
60752,No,KIT21BU
60753,No,KIT22BU
60754,No,KIT2BU
60755,No,KIT3BU
60756,No,KIT4BU
60757,No,KIT5BU
60758,No,KIT6BU
60759,No,KIT7BU
60760,No,KIT8BU
60761,No,KIT9BU
60762,No,KIT23BU
60763,No,KIT24BU
60764,No,KIT11GN
60765,No,KIT10GN
60766,No,KIT20GN
60767,No,KIT13GN
60768,No,KIT10R
60769,No,KIT11R
60770,No,KIT13R
60771,No,KIT14R
60772,No,KIT15R
60773,No,KIT16R
60774,No,KIT17R
60775,No,KIT18R
60776,No,KIT19R
60777,No,KIT1R
60778,No,KIT20R
60779,No,KIT21R
60780,No,KIT22R
60781,No,KIT2R
60782,No,KIT3R
60783,No,KIT4R
60784,No,KIT5R
60785,No,KIT6R
60786,No,KIT7R
60787,No,KIT8R
60788,No,KIT9R
60789,No,KIT23R
60790,No,KIT24R
60791,No,PP300CR
60792,No,PP300CR85
60793,No,PP300CRFB
60794,No,PP300KXB
60795,No,PP300RMZB
60796,No,PP300YZB
60797,No,PP300CRB
60798,Yes,PP1724BK
60799,Yes,PP1724BU
60800,Yes,PP1724G
60801,Yes,PP1724GN
60802,Yes,PP1724R
60803,Yes,PP1724S
60804,Yes,PP291
60805,Yes,PP291Y
60806,No,OR101BK
60807,No,OR105BK
60808,No,OR101BU
60809,No,OR105BU
60810,No,OR101R
60811,No,OR105R
60812,No,ORBC1BK
60813,No,ORBC2BK
60814,No,ORBC3BK
60815,No,ORBC4BK
60816,No,ORBC1BU
60817,No,ORBC2BU
60818,No,ORBC3BU
60819,No,ORBC4BU
60820,No,ORBC2GN
60821,No,ORBC1R
60822,No,ORBC2R
60823,No,ORBC3R
60824,No,ORBC4R
60825,No,OR2225
60826,No,OR2227
60827,No,OR2228
60828,No,OR2229
60829,No,OR2238
60830,No,OR2239
60831,No,OR2240
60832,No,OR2241
60833,No,OR2242
60834,No,OR2243
60835,No,OR2249
60836,No,OR2250
60837,No,OR2251
60838,No,OR2252
60839,No,OR2264
60840,No,OR2265
60841,No,OR2266
60842,No,OR2267
60843,No,OR2268
60844,No,OR2269
60845,No,OR2270
60846,No,OR2271
60847,No,OR2273
60848,No,OR2274
60849,No,OR2275
60850,No,OR2276
60851,No,OR2277
60852,No,OR2284
60853,No,OR2285
60854,No,OR2286
60855,No,OR2287
60856,No,OR2288
60857,No,OR2289
60858,No,OR2299
60859,No,OR2300
60860,No,OR2301
60861,No,OR2302
60862,No,OR2303
60863,No,OR2304
60864,No,OR2305
60865,No,OR2306
60866,No,OR2307
60867,No,OR2321
60868,No,OR2323
60869,No,OR2324
60870,No,OR2325
60871,No,OR2326
60872,No,OR2334
60873,No,OR2335
60874,No,OR2336
60875,No,OR2337
60876,No,OR2339
60877,No,OR2338
60878,No,OR325O
60879,No,OR2433
60880,No,OR2434
60881,No,OR2435
60882,No,OR2436
60883,No,OR2437
60884,No,OR2438
60885,No,OR2439
60886,No,OR2440
60887,No,OR2441
60888,No,OR2442
60889,No,OR2390BK
60890,No,OR2397BK
60891,No,OR2398BK
60892,No,OR2396BK
60893,No,OR2389BK
60894,No,OR2399BK
60895,No,OR2394BK
60896,No,OR2400BK
60897,No,OR2392BK
60898,No,OR2391BK
60899,No,OR2395BK
60900,No,OR2393BK
60901,No,OR2388BK
60902,Yes,OR2463BK
60903,Yes,OR2463BU
60904,Yes,OR2463GN
60905,Yes,OR2463O
60906,Yes,OR2463R
60907,Yes,ORBS
60908,No,OR2390
60909,No,OR2397
60910,No,OR2398
60911,No,OR2396
60912,No,OR2389
60913,No,OR2399
60914,No,OR2394
60915,No,OR2400
60916,No,OR2392
60917,No,OR2391
60918,No,OR2395
60919,No,OR2393
60920,Yes,OR3176BK
60921,Yes,OR3176
60922,Yes,OR3176W
60923,Yes,OR2371
60924,Yes,ORPC
60925,Yes,OR2096BU
60926,Yes,OR2096GN
60927,Yes,OR2096R
60928,Yes,OR2096Y
60929,No,OR2724
60929,No,OR2724
60930,No,OR2493
60931,No,OR2488
60932,No,OR2538
60933,No,OR2537
60934,No,OR2482
60935,No,OR2481
60936,No,OR2527
60937,No,OR2528
60938,No,OR2526
60939,No,OR2530
60940,No,OR2529
60941,No,OR2474
60942,No,OR2484
60943,No,OR2477
60944,No,OR2539
60945,No,OR2532
60946,No,OR2489
60947,No,OR2487
60948,No,OR2486
60949,No,OR2541
60950,No,OR2485
60951,No,OR2535
60952,No,OR2533
60953,No,OR2534
60954,No,OR2531
60955,No,OR2490
60956,No,OR2478
60957,No,OR2480
60958,No,OR2483
60959,No,OR2494
60960,No,OR2491
60961,No,OR2495
60962,No,OR2492
60963,No,OR2540
60964,No,OR2536
60965,No,OR2475
60966,No,OR2479
60967,No,OR2476
60968,No,OR2542
60969,No,OR2543
60970,No,OR2544
60971,No,OR2545
60972,No,OR2546
60973,No,OR2547
60974,No,OR2548
60975,No,OR2550
60976,No,OR2551
60977,No,OR2552
60978,No,OR2553
60979,No,OR2558
60980,No,OR2554
60981,No,OR2555
60982,No,OR2556
60983,No,OR2557
60984,No,OR2559
60985,No,OR2549
60986,No,OR2465
60987,No,OR2698
60988,No,OR2797BK
60989,No,OR2798BK
60990,No,OR2799BK
60991,No,OR2800BK
60992,No,OR2801BK
60993,No,OR2802BK
60994,No,OR2803BK
60995,No,OR2804BK
60996,No,OR2805BK
60997,No,OR2807BK
60998,No,OR2808BK
60999,No,OR2809BK
61000,No,OR2800BU
61001,No,OR2801BU
61002,No,OR2802BU
61003,No,OR2803BU
61004,No,OR2807BU
61005,No,OR2804O
61006,No,OR2808O
61007,No,OR2809O
61008,No,OR2797R
61009,No,OR2798R
61010,No,OR2799R
61011,No,OR2801R
61012,No,OR2802R
61013,No,OR2803R
61014,No,OR2805R
61015,No,OR2807R
61016,No,OR3084BK
61017,No,OR3082BK
61018,No,OR3083BK
61019,No,OR3081BK
61020,No,OR3079BK
61021,No,OR3080BK
61022,No,OR3079BU
61023,No,OR3080BU
61024,No,OR3079R
61025,No,OR3074BK
61026,No,OR3074BU
61027,No,OR3074R
61028,No,OR3075BK
61029,No,OR3075BU
61030,No,OR3075R
61031,No,OR3078BK
61032,No,OR3078BU
61033,No,OR3078R
61034,No,OR3077BK
61035,No,OR3077R
61036,No,OR3076BK
61037,No,OR2934
61038,No,OR2940
61039,No,OR2941
61040,No,OR2943
61041,No,OR2945
61042,No,OR2946
61043,No,OR2947
61044,No,OR2948
61045,No,OR2950
61046,No,OR2954
61047,No,OR2955
61048,No,OR2957
61049,No,OR2959
61050,No,OR2961
61051,No,OR2962
61052,No,OR2964
61053,No,OR2966
61054,No,OR2969
61055,No,OR2970
61056,No,OR2971
61057,No,OR2972
61058,No,OR2973
61059,No,OR2975
61060,No,OR2978
61061,No,OR2980
61062,No,OR2983
61063,No,OR2985
61064,No,OR2986
61065,No,OR2991
61066,No,OR2994
61067,No,OR2998
61068,No,OR2999
61069,No,OR3001
61070,No,OR3005
61071,No,OR3006
61072,No,OR3007
61073,No,OR3008
61074,No,OR3010
61075,No,OR3011
61076,No,OR3012
61077,No,OR3015
61078,No,OR3017
61079,No,OR3019
61080,No,OR3022
61081,No,OR3023
61082,No,OR3025
61083,No,OR3027
61084,No,OR3028
61085,No,OR3031
61086,No,OR3032
61087,No,OR3036
61088,No,OR3039
61089,No,OR3040
61090,No,OR3042
61091,No,OR3043
61092,No,OR3045
61093,No,OR3046
61094,No,OR3047
61095,No,OR3048
61096,No,OR3051
61097,No,OR3053
61098,No,OR3054
61099,No,OR3055
61100,No,ORC100
61101,No,ORC101
61102,No,ORC105
61103,No,ORC107
61104,No,ORC108
61105,No,ORC110
61106,No,ORC111
61107,No,ORC112
61108,No,ORC113
61109,No,ORC115
61110,No,ORC119
61111,No,ORC121
61112,No,ORC122
61113,No,ORC123
61114,No,ORC128
61115,No,ORC129
61116,No,ORC130
61117,No,ORC131
61118,No,ORC136
61119,No,ORC137
61120,No,ORC139
61121,No,ORC144
61122,No,ORC145
61123,No,ORC148
61124,No,ORC15
61125,No,ORC155
61126,No,ORC158
61127,No,ORC160
61128,No,ORC161
61129,No,ORC162
61130,No,ORC164
61131,No,ORC168
61132,No,ORC171
61133,No,ORC174
61134,No,ORC177
61135,No,ORC179
61136,No,ORC180
61137,No,ORC181
61138,No,ORC182
61139,No,ORC184
61140,No,ORC185
61141,No,ORC189
61142,No,ORC194
61143,No,ORC195
61144,No,ORC196
61145,No,ORC200
61146,No,ORC201
61147,No,ORC208
61148,No,ORC211
61149,No,ORC212
61150,No,ORC222
61151,No,ORC226
61152,No,ORC227
61153,No,ORC229
61154,No,ORC230
61155,No,ORC244
61156,No,ORC25
61157,No,ORC33
61158,No,ORC4
61159,No,ORC42
61160,No,ORC43
61161,No,ORC44
61162,No,ORC45
61163,No,ORC46
61164,No,ORC54
61165,No,ORC65
61166,No,ORC7
61167,No,ORC70
61168,No,ORC71
61169,No,ORC73
61170,No,ORC75
61171,No,ORC76S
61172,No,ORC78
61173,No,ORC79
61174,No,ORC85
61175,No,ORC87
61176,No,ORC88
61177,No,ORC91
61178,No,ORC95
61179,No,ORC97
61180,No,ORC98
61181,No,ORC1
61182,No,ORC10
61183,No,ORC109
61184,No,ORC256
61185,No,ORC259
61186,No,ORC163
61187,No,ORC255
61188,No,ORC241
61189,No,ORC205
61190,No,ORC260
61191,No,ORC106A
61192,No,ORC221
61193,No,ORC249
61194,No,OR2278
61195,No,OR2279
61196,No,OR2280
61197,No,OR2281
61198,No,OR2282
61199,No,OR2283
61200,No,OR2290
61201,No,OR2291
61202,No,OR2292
61203,No,OR2293
61204,No,OR2294
61205,No,OR2295
61206,No,OR2296
61207,No,OR2297
61208,No,OR2298
61209,No,OR2308
61210,No,OR2309
61211,No,OR2310
61212,No,OR2311
61213,No,OR2312
61214,No,OR2313
61215,No,OR2314
61216,No,OR2315
61217,No,OR2316
61218,No,OR2317
61219,No,OR2318
61220,No,OR2319
61221,No,OR2320
61222,No,OR2328
61223,No,OR2329
61224,No,OR2331
61225,No,OR2332
61226,No,OR2333
61227,No,OR2218
61228,No,OR2219
61229,No,OR2220
61230,No,OR2221
61231,No,OR2222
61232,No,OR2223
61233,No,OR2230
61234,No,OR2231
61235,No,OR2232
61236,No,OR2233
61237,No,OR2234
61238,No,OR2235
61239,No,OR2236
61240,No,OR2237
61241,No,OR2244
61242,No,OR2245
61243,No,OR2246
61244,No,OR2247
61245,No,OR2253
61246,No,OR2254
61247,No,OR2255
61248,No,OR2256
61249,No,OR2257
61250,No,OR2258
61251,No,OR2259
61252,No,OR2260
61253,No,OR2261
61254,No,OR2262
61255,Yes,OR3172
61256,Yes,OR3172BK
61257,Yes,OR3172W
61258,No,12103BK
61259,No,12103BU
61260,No,12103R
61261,No,ORDS1BU
61262,Yes,ORDS1R
61263,Yes,ORBP78BK
61264,Yes,ORBP78BU
61265,Yes,ORBP78GN
61266,Yes,ORBP78O
61267,Yes,ORBP78R
61268,Yes,ORBP78W
61269,Yes,ORBP78Y
61270,Yes,OR2868
61271,Yes,PP2671BK
61272,Yes,PP2671BU
61273,Yes,PP2671O
61274,Yes,PP2671R
61275,Yes,OREP
61276,No,OR2470
61277,No,OR2473
61278,No,OR2468
61279,No,OR2467
61280,No,OR2733
61280,No,OR2733
61281,No,OR2734
61281,No,OR2734
61282,No,OR2025BK
61283,No,OR2026BK
61284,No,PP2702GN
61285,No,PP2702R
61286,No,OR2025R
61287,No,OR2025S
61288,No,OR2022BK
61289,No,OR2023BK
61290,No,OR2024BK
61291,No,PP2701BK
61292,No,PP2702BK
61293,No,PP2703BK
61294,No,PP2704BK
61295,No,PP2705BK
61296,No,PP2706BK
61297,No,OR2022BU
61298,No,OR2023BU
61299,No,OR2025BU
61300,No,OR2026BU
61301,No,PP2701BU
61302,No,PP2702BU
61303,No,PP2703BU
61304,No,PP2704BU
61305,No,PP2705BU
61306,No,PP2706BU
61307,No,PP2706GN
61308,No,OR2022R
61309,No,OR2023R
61310,No,OR2024R
61311,No,PP2701R
61312,No,OR2026R
61313,No,PP2703R
61314,No,PP2704R
61315,No,PP2705R
61316,No,PP2706R
61317,No,OR2022S
61318,No,OR2023S
61319,No,OR2024S
61320,No,OR2026S
61321,No,OR2024BU
61322,Yes,OR2443BK
61323,Yes,OR2443BU
61324,Yes,OR2443R
61325,Yes,OR2443S
61326,Yes,OR2444BK
61327,Yes,OR2444BU
61328,Yes,OR2444R
61329,Yes,OR2444S
61330,Yes,ORFCL
61331,Yes,ORFCS
61332,No,OR2731
61332,No,OR2731
61332,No,OR2731
61333,No,OR2732
61333,No,OR2732
61333,No,OR2732
61334,Yes,12207BK
61335,Yes,12207BU
61336,Yes,12208BK
61337,Yes,12208O
61338,Yes,12207R
61339,No,OR104BK
61340,No,OR2806BK
61341,No,OR104BU
61342,No,OR104GN
61343,No,OR2806O
61344,No,OR104R
61345,No,OR2073
61346,No,OR2061
61347,No,OR2076
61348,No,OR2077
61349,No,OR2064
61350,No,OR2087
61351,No,OR2080
61352,No,OR2082
61353,No,OR2083
61354,No,OR2066
61355,No,OR2085
61356,No,OR2067
61357,Yes,OR2093
61358,No,H1F
61359,No,K1F
61360,No,S1F
61361,No,S2F
61362,No,S4F
61363,No,Y1F
61364,No,Y2F
61365,No,OR1301414
61366,No,OR1301415
61367,No,OR1302514
61368,No,OR1302515
61369,No,OR3202013
61370,No,OR3212813
61370,No,OR3212813
61371,No,OR3212814
61371,No,OR3212814
61372,No,OR3214512
61373,No,OR3214513
61374,No,OR3214514
61375,No,OR3214515
61376,No,OR1300712
61377,No,OR1300713
61378,No,OR3206112
61379,No,OR3206113
61380,No,OR3213113
61381,No,OR3213114
61382,No,OR3201313
61383,No,OR3214212
61384,No,OR3214213
61385,No,OR3214214
61386,No,OR1501313
61387,No,OR1501314
61388,No,OR3206212
61389,No,OR3206213
61390,No,OR3203213
61391,No,OR3203214
61392,No,OR3203215
61393,No,OR3214612
61394,No,OR3214613
61395,No,OR3214614
61396,No,OR1501914
61397,No,OR1501915
61398,No,OR3204612
61399,No,OR3204613
61400,No,OR3204614
61401,No,OR3210912
61402,No,OR3210913
61403,No,OR3210914
61404,No,OR3200612
61405,No,OR3200613
61406,No,OR3200614
61407,No,OR3200615
61408,No,OR1301914
61409,No,OR1504014
61410,No,OR3202412
61411,No,OR3202413
61412,No,OR3202414
61413,No,OR3220013
61414,No,OR3220014
61415,No,OR1300714
61416,No,OR3201612
61417,No,OR3201613
61418,No,OR3201614
61419,No,OR3201615
61420,No,OR3203812
61421,No,OR3203813
61422,No,OR3203814
61423,No,OR3203815
61424,No,OR3204013
61425,No,OR3204014
61426,No,OR3204015
61427,No,OR3204016
61428,No,OR3204213
61429,No,OR3204214
61430,No,OR3222313
61431,No,OR3222314
61432,No,OR3204212
61433,No,ORC1300713
61434,Yes,OR2095BU
61435,Yes,OR2095GN
61436,Yes,OR2095R
61437,Yes,OR2095Y
61438,Yes,OR1722BK
61439,Yes,OR1722BU
61440,Yes,OR1722R
61441,No,OR2471
61442,No,OR2466
61443,No,OR2610
61444,No,OR2609
61445,No,OR2608
61446,No,OR2612
61447,Yes,PP1088BU
61448,Yes,PP1088G
61449,Yes,PP1088R
61450,Yes,PP1088Y
61451,Yes,PP166BK
61452,Yes,PP166BU
61453,Yes,PP166R
61454,Yes,OR2192
61455,Yes,PP2667BK
61456,Yes,PP2667BU
61457,Yes,PP2667G
61458,Yes,PP2667O
61459,Yes,PP2667R
61460,Yes,PP2667W
61461,Yes,PP2667Y
61462,Yes,SH12SBK
61463,Yes,SH12
61464,Yes,SH11
61465,Yes,SH12S
61466,Yes,SH05
61467,Yes,SH07
61468,Yes,SH05SBK
61469,Yes,SH05S
61470,Yes,SH09
61471,Yes,SH08
61472,Yes,SH08SBK
61473,Yes,SH08S
61474,Yes,SH01
61475,Yes,SH01SBK
61476,Yes,SH01S
61477,No,ORT18
61478,No,12001
61479,No,12001KTM
61480,Yes,PP111
61481,Yes,ORHMB
61482,Yes,PP149
61483,Yes,OR2691L
61484,Yes,OR2691M
61485,Yes,OR2691S
61486,Yes,OR2691XXL
61487,No,ORCS075
61488,No,ORCS038
61489,No,ORCS084
61490,No,ORCS101
61491,No,ORCS076
61492,No,ORCS083
61493,No,ORCS107
61494,No,ORCS043
61495,No,ORCS051
61496,No,ORCS074
61497,No,ORCS087
61498,No,ORCS065
61499,No,ORCS077
61500,No,ORCS093
61501,No,ORCS096
61502,No,ORCS078
61503,No,ORCS086
61504,No,ORCS109
61505,No,ORCS082
61506,No,ORCS088
61507,No,ORCS097
61508,No,ORCS066
61509,No,ORCS057
61510,No,ORCS080
61511,No,ORCS102
61512,No,ORCS059
61513,No,ORCS079
61514,No,ORCS089
61515,No,ORCS085
61516,No,ORCS067
61517,No,ORCS603
61518,No,ORCS602
61519,No,ORCS601
61520,No,ORCS099
61521,No,ORCS095
61522,No,ORCE075A
61523,No,ORCS058
61524,No,ORCS106
61525,No,ORCS110
61526,No,ORCS081
61527,No,ORCS111
61528,No,ORCS620
61529,No,ORCS701
61530,No,ORCS112
61531,No,ORCS625
61532,No,OR2692
61533,No,L15102
61534,No,L15103
61535,No,L15104
61536,No,L15151
61537,No,L15153
61538,No,L1540050A
61539,No,L15152
61540,No,L15155
61541,No,L1540051
61542,No,L15101
61543,Yes,PP12BK
61544,Yes,PP12BU
61545,No,ORSBK
61546,No,ORSO
61547,No,ORSR
61548,Yes,OROCBK
61549,Yes,OROCO
61550,Yes,OROCR
61551,No,PP1100KTBK
61552,No,710010
61553,No,710020
61554,No,710030
61555,No,720010
61556,No,720020
61557,No,740010
61558,No,740020
61559,No,740030
61560,No,750010
61561,No,730010
61562,No,7200201
61563,Yes,OR2088
61564,No,ORMDP
61565,Yes,13002GX
61566,Yes,13002R1
61567,Yes,13002Z6
61568,Yes,13002Z9
61569,No,OR3088
61570,No,OR3089
61571,No,OR3090
61572,No,OR3091
61573,No,OR3092
61574,No,OR3093
61575,No,OR3094
61576,No,OR3095
61577,No,OR3096
61578,No,OR3097
61579,No,OR3098
61580,No,OR3099
61581,No,OR3100
61582,No,OR3101
61583,No,OR3102
61584,No,OR3103
61585,No,OR3104
61586,No,OR3105
61587,No,OR3106
61588,No,OR3107
61589,No,OR3108
61590,No,OR3109
61591,No,OR3110
61592,No,OR3111
61593,No,OR3113
61594,No,OR3114
61595,No,AX36006
61596,No,AX36017
61597,No,AX36030
61598,No,AX36031
61599,No,AX36037
61600,No,AX36053
61601,No,AX36054
61602,No,AX36055
61603,No,AX36064
61604,No,AX36137
61605,No,AX36157
61606,No,AX36164
61607,No,AX36186
61608,No,AX36187
61609,No,AX36190
61610,No,AX36191
61611,No,AX36207
61612,No,AX36208
61613,No,AX36210
61614,No,AX36211
61615,No,AX36213
61616,No,AX36233
61617,No,AX36236
61618,No,AX36243
61619,No,AX36246
61620,No,AX36249
61621,No,AX36254
61622,No,AX36255
61623,No,AX36257
61624,No,AX36263
61625,No,AX36264
61626,No,AX36277
61627,No,AX36278
61628,No,AX36304
61629,No,AX36058
61630,No,AX36005
61631,No,AX36032
61632,No,AX36035
61633,No,AX36264270
61634,No,AX36037260
61635,Yes,12039
61636,Yes,12038
61637,Yes,12041
61638,Yes,12040
61639,No,PP1100KXBK
61640,No,PP1100SBK
61641,No,PP1100CRFBK
61642,No,PP1100ZBK
61643,No,PP1100CRFBU
61644,No,PP1100KXBU
61645,No,PP1100SBU
61646,No,PP1100ZBU
61647,No,PP1100KXGN
61648,No,PP1100ZGN
61649,No,PP1100CRFR
61650,No,PP1100KXR
61651,No,PP1100SR
61652,No,PP1100ZR
61653,No,PP1100KTO
61654,Yes,ORFPBK
61655,Yes,ORFPBU
61656,Yes,ORFPR
61657,Yes,ORFPS
61658,No,S270879
61659,No,S270402
61660,No,S270168
61661,No,S270108
61662,No,S270902
61663,No,S271002
61664,No,S270904
61665,No,S270978
61666,Yes,TH12
61667,Yes,TH05
61668,Yes,TH07
61669,Yes,TH09
61670,Yes,TH08
61671,Yes,TH01
61672,Yes,TH11
61673,Yes,12032
61674,Yes,PP180BK
61675,Yes,PP180BU
61676,Yes,PP180R
61677,Yes,PP2463
61678,Yes,PP253BK
61679,Yes,PP253R
61680,Yes,PP253BU
61681,Yes,PP262BK40
61682,Yes,PP262BK41
61683,Yes,PP262BK42
61684,Yes,PP262BK43
61685,Yes,PP262BK44
61686,Yes,PP262BK45
61687,Yes,PP262BK46
61688,Yes,PP262BK47
61689,Yes,PP262BK48
61690,Yes,PP262BK49
61691,Yes,PP262WT40
61692,Yes,PP262WT41
61693,Yes,PP262WT42
61694,Yes,PP262WT43
61695,Yes,PP262WT44
61696,Yes,PP262WT45
61697,Yes,PP262WT46
61698,Yes,PP262WT47
61699,Yes,PP262WT48
61700,Yes,PP262WT49
61701,Yes,134462
61702,Yes,134468
61703,Yes,PP262BK60
61704,Yes,PP262BK61
61705,Yes,PP262BK62
61706,Yes,PP262BK63
61707,Yes,PP262BK64
61708,Yes,PP262BK65
61709,Yes,PP262BK66
61710,Yes,PP262BK67
61711,Yes,PP262BK68
61712,Yes,PP262BK69
61713,Yes,PP262WT60
61714,Yes,PP262WT61
61715,Yes,PP262WT62
61716,Yes,PP262WT63
61717,Yes,PP262WT64
61718,Yes,PP262WT65
61719,Yes,PP262WT66
61720,Yes,PP262WT67
61721,Yes,PP262WT68
61722,Yes,PP262WT69
61723,Yes,PP262BK70
61724,Yes,PP262BK71
61725,Yes,PP262BK72
61726,Yes,PP262BK73
61727,Yes,PP262BK74
61728,Yes,PP262BK75
61729,Yes,PP262BK76
61730,Yes,PP262BK77
61731,Yes,PP262BK78
61732,Yes,PP262BK79
61733,Yes,PP262WT70
61734,Yes,PP262WT71
61735,Yes,PP262WT72
61736,Yes,PP262WT73
61737,Yes,PP262WT74
61738,Yes,PP262WT75
61739,Yes,PP262WT76
61740,Yes,PP262WT77
61741,Yes,PP262WT79
61742,Yes,PP262BK80
61743,Yes,PP262BK81
61744,Yes,PP262BK82
61745,Yes,PP262BK83
61746,Yes,PP262BK84
61747,Yes,PP262BK85
61748,Yes,PP262BK86
61749,Yes,PP262BK87
61750,Yes,PP262BK88
61751,Yes,PP262BK89
61752,Yes,PP262WT80
61753,Yes,PP262WT81
61754,Yes,PP262WT82
61755,Yes,PP262WT83
61756,Yes,PP262WT84
61757,Yes,PP262WT85
61758,Yes,PP262WT86
61759,Yes,PP262WT87
61760,Yes,PP262WT88
61761,Yes,PP262WT89
61762,Yes,PP262WT78
61763,No,OR203BK
61764,No,OR201BK
61765,No,OR202BK
61766,No,OR204BK
61767,No,OR201BU
61768,No,OR202BU
61769,No,OR203BU
61770,No,OR202GN
61771,No,OR204O
61772,No,OR201R
61773,No,OR202R
61774,No,OR203R
61775,No,OR2074
61776,No,OR2075
61777,No,OR2062
61778,No,OR2063
61779,No,OR2078
61780,No,OR2079
61781,No,OR2065
61782,No,OR2081
61783,No,OR2084
61784,No,OR2071
61785,No,OR2068
61786,No,OR2069
61787,No,OR2070
61788,No,OR2086
61789,Yes,OR2797RB
61790,Yes,OR2798RB
61791,Yes,OR2799RB
61792,Yes,OR2800RB
61793,Yes,OR2801RB
61794,Yes,OR2802RB
61795,Yes,OR2803RB
61796,Yes,OR2804RB
61797,Yes,OR2805RB
61798,Yes,OR2807RB
61799,Yes,OR2808RB
61800,Yes,OR2809RB
61801,Yes,OR2214
61802,No,Y3R
61803,No,Y4R
61804,No,YSR
61805,No,S1R
61806,No,Y1R
61807,No,H1R
61808,No,K1R
61809,No,K2R
61810,No,OR030145S
61811,No,OR030146S
61812,No,OR030147S
61813,No,OR030148S
61814,No,OR030149S
61815,No,OR030150S
61816,No,OR2060R
61817,No,OR2072R
61818,Yes,OR2372
61819,Yes,144610
61820,Yes,154610
61821,Yes,152110
61822,Yes,142110
61823,Yes,15210
61824,Yes,14210
61825,Yes,154310
61826,Yes,144310
61827,Yes,153410
61828,Yes,143410
61829,Yes,154210
61830,Yes,144210
61831,Yes,153610
61832,Yes,143610
61833,Yes,155010
61834,Yes,154910
61835,No,OR2645
61836,No,OR2651
61837,No,OR2649
61838,No,OR2657
61839,No,OR2663
61840,No,OR2667
61841,No,OR2669
61842,No,OR2671
61843,No,OR2647
61844,No,OR2866
61845,No,OR2699
61846,No,OR2646
61847,No,OR2652
61848,No,OR2650
61849,No,OR2658
61850,No,OR2664
61851,No,OR2668
61852,No,OR2670
61853,No,OR2672
61854,No,OR2648
61855,No,OR2867
61856,No,OR2700
61857,No,OR2654
61858,No,OR2656
61859,No,OR2660
61860,No,OR2662
61861,No,OR2666
61862,No,OR2653
61863,No,OR2655
61864,No,OR2659
61865,No,OR2661
61866,No,OR2665
61867,Yes,PP1430100
61867,Yes,PP1430100
61867,Yes,PP1430100
61867,Yes,PP1430100
61868,Yes,PP1430DV
61869,Yes,PP1430D
61870,Yes,PP1430F
61871,Yes,PP1430OA
61872,Yes,PP1430OC
61873,Yes,PP1430OL
61874,Yes,PP1430OM
61875,Yes,PP1430OO
61876,Yes,PP1430OP
61877,Yes,PP1430PG
61878,Yes,PP1430S8
61879,Yes,PP1430SH
61880,Yes,PP1430SHU
61881,Yes,PP1430SW8
61882,Yes,PP1430SWV
61883,Yes,PP1430SWVJ
61884,Yes,PP1430SMF
61885,Yes,PP1430SMFI
61886,Yes,PP1430SMW
61887,Yes,PP1430SP
61888,Yes,PP1430SPK
61889,Yes,PP1430SPM
61890,Yes,PP1430SPTM
61891,Yes,PP1430TA
61892,Yes,PP1430TE
61893,Yes,PP1430UW
61894,Yes,PP1430US
61895,Yes,PP1430UT
61896,Yes,PP1430VZP
61897,Yes,PP1430VZS
61898,Yes,PP1430XB
61899,No,OR112
61900,No,OR116
61901,No,OR123
61902,No,OR139
61903,No,OR141
61904,No,OR207
61905,No,OR655
61906,No,OR652
61907,No,OR155
61908,No,OR157
61909,Yes,OR144BK
61910,Yes,OR144BU
61911,Yes,OR144BUE
61912,Yes,OR144G
61913,Yes,OR144GN
61914,Yes,OR144O
61915,Yes,OR144R
61916,Yes,OR144S
61917,Yes,PP264BK
61918,Yes,PP264BU
61919,Yes,PP264G
61920,Yes,PP264R
61921,No,OR2005
61922,No,OR2006
61923,No,OR2007
61924,No,OR2008
61925,No,OR2009
61926,No,OR2010
61927,Yes,OR1952BK
61928,Yes,OR1952BU
61929,Yes,OR1952GN
61930,Yes,OR1952R
61931,Yes,PP1953
61932,Yes,OR2370
61933,Yes,ORSTL
61934,Yes,OR2458
61935,Yes,OR2459
61936,Yes,OR2460
61937,No,OR2386BK
61938,No,OR2387BK
61939,No,OR2378BK
61940,No,OR2379BK
61941,No,OR2384BK
61942,No,OR2386
61943,No,OR2387
61944,No,OR2378
61945,No,OR2379
61946,No,OR2384
61947,No,L26304BU
61948,No,L26304R
61949,No,L26205BK
61950,No,OR2382BK
61951,No,OR2381BK
61952,No,OR2375BK
61953,No,OR2376BK
61954,No,OR2377BK
61955,No,OR2373BK
61956,No,OR2380BK
61957,No,OR2385BK
61958,No,OR2374BK
61959,No,ASC36BU
61960,No,ASC54BU
61961,No,ASC57BU
61962,No,ASC59BU
61963,No,ASC68BU
61964,No,ASC69BU
61965,No,ASC76BU
61966,No,L26101BU
61967,No,L26102BU
61968,No,L26104BU
61969,No,L26105BU
61970,No,L26106BU
61971,No,L26112BU
61972,No,L26115BU
61973,No,L26201BU
61974,No,L26203BU
61975,No,L26204BU
61976,No,L26205BU
61977,No,L26301BU
61978,No,L26302BU
61979,No,L26303BU
61980,No,L26305BU
61981,No,L26401BU
61982,No,L26402BU
61983,No,L26403BU
61984,No,L26404BU
61985,No,L26406BU
61986,No,L26407BU
61987,No,ASC74BU
61988,No,L26107BU
61989,No,ASC115BU
61990,No,L26501
61991,No,L26502
61992,No,L26507
61993,No,ASC36R
61994,No,ASC54R
61995,No,ASC57R
61996,No,ASC59R
61997,No,ASC68R
61998,No,ASC69R
61999,No,ASC76R
62000,No,L26101R
62001,No,L26102R
62002,No,L26104R
62003,No,L26105R
62004,No,L26106R
62005,No,L26107R
62006,No,L26112R
62007,No,L26115R
62008,No,L26201R
62009,No,L26203R
62010,No,L26204R
62011,No,L26301R
62012,No,L26302R
62013,No,L26303R
62014,No,L26305R
62015,No,L26401R
62016,No,L26402R
62017,No,L26403R
62018,No,L26404R
62019,No,L26406R
62020,No,L26407R
62021,No,ASC74R
62022,No,ASC115R
62023,No,OR2382
62024,No,OR2381
62025,No,OR2375
62026,No,OR2376
62027,No,OR2377
62028,No,OR2373
62029,No,OR2380
62030,No,OR2385
62031,No,OR2374S
62032,No,OR159
62033,No,OR232
62034,No,OR354
62035,No,OR270
62036,No,OR314
62037,No,OR475
62038,No,OR456
62039,No,OR490
62040,No,OR452
62041,No,OR40
62042,No,OR489
62043,No,OR272A
62044,No,OR185
62045,No,OR119
62046,No,OR131
62047,No,OR135
62048,No,OR137
62049,No,OR152
62050,No,OR165
62051,No,OR230
62052,No,OR258
62053,No,OR302
62054,No,OR317
62055,No,OR323
62056,No,OR325
62057,No,OR342
62058,No,OR346
62059,No,OR349
62060,No,OR357
62061,No,OR367
62062,No,OR373
62063,No,OR401
62064,No,OR444
62065,No,OR450
62066,No,OR54
62067,No,OR83
62068,No,OR84
62069,No,OR843R
62070,No,OR407
62071,No,OR174
62072,No,OR63
62073,No,OR140
62074,No,OR254
62075,No,OR161
62076,No,OR436
62077,No,OR208
62078,No,OR266
62079,No,OR261
62080,No,OR322
62081,No,OR145
62082,No,OR158
62083,No,OR229
62084,No,OR231
62085,No,OR347
62086,No,OR187
62087,No,OR199
62088,No,OR160
62089,No,OR419
62090,No,OR244
62091,No,OR380
62092,No,OR188
62093,No,OR226
62094,No,OR379
62095,No,OR265
62096,No,OR390
62097,No,OR181
62098,No,OR88
62099,No,OR196
62100,No,OR275
62101,No,OR267
62102,No,OR319
62103,No,OR348
62104,No,OR192
62105,No,OR417
62106,No,OR369
62107,No,OR442
62108,No,OR95
62109,No,OR115
62110,No,OR67
62111,No,OR368
62112,No,OR132
62113,No,OR126
62114,No,OR47
62115,No,OR2092
62116,No,OR363
62117,No,OR335
62118,No,OR252
62119,No,OR337
62120,No,OR443
62121,No,OR445
62122,No,OR446
62123,No,OR413
62124,No,OR414
62125,No,OR123B
62126,Yes,OR2461
62127,Yes,OR2462
62128,No,PP17438
62129,No,PP17443
62130,No,PP17451
62131,No,PP17457
62132,No,PP17460
62133,No,PP17475
62134,No,PP17480
62135,No,PP17483
62136,No,PP17490
62137,No,OR2673
62138,No,OR2675
62139,No,OR2676
62140,No,OR2678
62141,No,OR2679
62142,No,OR2680
62143,No,OR2681
62144,No,OR2682
62145,No,OR2683
62146,No,OR2684
62147,No,OR2685
62148,No,OR2686
62149,No,OR2687
62150,No,OR2688
62151,No,OR2689
62152,No,OR2674
62153,No,OR2677
62154,Yes,OR3174BK
62155,Yes,OR3174
62156,Yes,OR3174W
62157,No,OR2860
62158,No,OR2861
62159,No,OR2853
62160,No,OR2857
62161,No,OR2855
62162,No,OR2859
62163,No,OR2858
62164,No,OR2854
62165,No,OR2856
62166,No,OR1302546S
62167,No,OR1320046S
62168,No,OR1502646S
62169,No,OR1302547S
62170,No,OR1320047S
62171,No,OR1502647S
62172,No,OR3204147S
62173,No,OR3204547S
62174,No,OR3222147S
62175,No,OR3222247S
62176,No,OR1302548S
62177,No,OR1320048S
62178,No,OR1520348S
62179,No,OR3204148S
62180,No,OR3204548S
62181,No,OR3206548S
62182,No,OR1502648S
62183,No,OR3222148S
62184,No,OR3222248S
62185,No,OR1301249S
62186,No,OR1302549S
62187,No,OR1520349S
62188,No,OR3204149S
62189,No,OR3204549S
62190,No,OR3206549S
62191,No,OR1502649S
62192,No,OR3222149S
62193,No,OR3222249S
62194,No,OR1301250S
62195,No,OR1301550S
62196,No,OR1302550S
62197,No,OR1520350S
62198,No,OR3204150S
62199,No,OR3204550S
62200,No,OR3206550S
62201,No,OR1502650S
62202,No,OR3222150S
62203,No,OR3222250S
62204,No,OR1301251S
62205,No,OR1301551S
62206,No,OR3204151S
62207,No,OR3204551S
62208,No,OR3206551S
62209,No,OR1502651S
62210,No,OR3222151S
62211,No,OR3222251S
62212,No,OR1301252S
62213,No,OR1301552S
62214,No,OR3204152S
62215,No,OR3204552S
62216,No,OR1502652S
62217,No,OR3222152S
62218,No,OR3206552S
62219,No,OR3204153S
62220,No,OR3204553S
62221,No,OR3206553S
62222,No,OR3222252S
62223,No,OR3222253S
62224,No,OR1301255S
62225,No,OR1301256S
62226,No,OR1301257S
62227,No,OR1301258S
62228,No,ORC1320046S
62229,No,ORC1320047S
62230,No,OR1320047SC
62231,No,DSK89
62232,No,DSK9
62233,No,DSK88
62234,No,DSK47
62235,No,DSK71
62236,No,DSK10
62237,No,DSK11
62238,No,DSK14
62239,No,DSK46
62240,No,DSK86
62241,No,DSK29
62242,No,DSK17
62243,No,DSK19
62244,No,DSK20
62245,No,DSK60
62246,No,DSK72
62247,No,DSK30
62248,No,DSK31
62249,No,DSK32
62250,No,DSK7
62251,No,DSK12
62252,No,DSK13
62253,No,DSK15
62254,No,DSK18
62255,No,DSK48
62256,No,DSK73
62257,No,DSK87
62258,No,DSK49
62259,No,DSK33
62260,No,DSK50
62261,No,DSK22
62262,No,DSK61
62263,No,DSK62
62264,No,DSK64
62265,No,DSK74
62266,No,DSK23
62267,No,DSK24
62268,No,DSK34
62269,No,DSK35
62270,No,DSK36
62271,No,DSK8
62272,No,DSK16
62273,No,DSK51
62274,No,DSK52
62275,No,DSK21
62276,No,DSK63
62277,No,DSK75
62278,No,DSK1
62279,No,DSK2
62280,No,DSK53
62281,No,DSK55
62282,No,DSK54
62283,No,DSK57
62284,No,DSK65
62285,No,DSK66
62286,No,DSK77
62287,No,DSK79
62288,No,DSK80
62289,No,DSK26
62290,No,DSK27
62291,No,DSK37
62292,No,DSK38
62293,No,DSK39
62294,No,DSK40
62295,No,DSK5
62296,No,DSK56
62297,No,DSK76
62298,No,DSK78
62299,No,DSK25
62300,No,DSK58
62301,No,DSK6
62302,No,DSK59
62303,No,DSK67
62304,No,DSK70
62305,No,DSK81
62306,No,DSK41
62307,No,DSK42
62308,No,DSK43
62309,No,DSK44
62310,No,DSK82
62311,No,DSK83
62312,No,DSK28
62313,No,DSK68
62314,No,DSK69
62315,No,DSK45
62316,No,DSK84
62317,No,DSK85
62318,No,DSK3
62319,No,DSK4
62320,No,32014
62321,No,32015
62322,No,32017
62323,No,32020
62324,No,32021
62325,No,32024
62326,No,32026
62327,No,32027
62328,No,32029
62329,No,34002
62330,No,34005
62331,No,34006
62332,No,34007
62333,No,34009
62334,No,34010
62335,No,34012
62336,No,34013
62337,No,34014
62338,No,34015
62339,No,34016
62340,No,37003
62341,No,37007
62342,No,37011
62343,No,37012
62344,No,37014
62345,No,37015
62346,No,37016
62347,No,38002
62348,No,38003
62349,No,38004
62350,No,38005
62351,No,38009
62352,No,38010
62353,No,38011
62354,No,38012
62355,No,38013
62356,No,38014
62357,No,38016
62358,No,38017
62359,No,38019
62360,No,38020
62361,No,12002SS
62362,No,12003SS
62363,No,12030SS
62364,No,12033SS
62365,No,12034SS
62366,No,12043SS
62367,No,12044SS
62368,No,14004SS
62369,No,14005SS
62370,No,14044SS
62371,No,14045SS
62372,No,14046SS
62373,No,15004SS
62374,No,15005
62375,No,15042SS
62376,No,15043SS
62377,No,17002SS
62378,No,17043SS
62379,No,17044SS
62380,No,18003SS
62381,No,18004SS
62382,No,18006
62383,No,18044SS
62384,No,18045
62385,No,18045SE
62386,No,22002SS
62387,No,22003
62388,No,22004
62389,No,22005SS
62390,No,22006
62391,No,24003
62392,No,24004SS
62393,No,27004SS
62394,No,27005SS
62395,No,27007
62396,No,28004SS
62397,No,28013SS
62398,No,15045SS
62399,No,15044SS
62400,No,18046SS
62401,No,27006SS
62402,No,28012SS
62403,Yes,ORSS10BK
62404,Yes,ORSS10BU
62405,Yes,ORSS10R
62406,Yes,ORSS10S
62407,Yes,ORSS6BK
62408,Yes,ORSS6BU
62409,Yes,ORSS6R
62410,Yes,ORSS6S
62411,Yes,ORSS8BK
62412,Yes,ORSS8BU
62413,Yes,ORSS8R
62414,Yes,ORSS8S
62415,No,L35682
62416,No,L35682A
62417,Yes,OR3175BK
62418,Yes,OR3175
62419,Yes,OR3175W
62420,No,OR2935
62421,No,OR2936
62422,No,OR2938
62423,No,OR2939
62424,No,OR2942
62425,No,OR2944
62426,No,OR2949
62427,No,OR2951
62428,No,OR2952
62429,No,OR2953
62430,No,OR2956
62431,No,OR2958
62432,No,OR2960
62433,No,OR2963
62434,No,OR2965
62435,No,OR2967
62436,No,OR2968
62437,No,OR2974
62438,No,OR2976
62439,No,OR2977
62440,No,OR2979
62441,No,OR2981
62442,No,OR2982
62443,No,OR2984
62444,No,OR2987
62445,No,OR2988
62446,No,OR2989
62447,No,OR2990
62448,No,OR2992
62449,No,OR2995
62450,No,OR2996
62451,No,OR2997
62452,No,OR3000
62453,No,OR3002
62454,No,OR3003
62455,No,OR3004
62456,No,OR3009
62457,No,OR3013
62458,No,OR3014
62459,No,OR3016
62460,No,OR3018
62461,No,OR3020
62462,No,OR3021
62463,No,OR3024
62464,No,OR3026
62465,No,OR3029
62466,No,OR3030
62467,No,OR3033
62468,No,OR3034
62469,No,OR3035
62470,No,OR3037
62471,No,OR3038
62472,No,OR3041
62473,No,OR3044
62474,No,OR3049
62475,No,OR3050
62476,No,OR3052
62477,No,OR3056
62478,No,OR3057
62479,No,OR3058
62480,No,TR7605
62481,No,TR7606BR
62482,No,TR7701
62483,No,TR7706
62484,No,TR7603
62485,No,TR7601
62486,Yes,TR7702
62487,No,PP300CRF
62488,No,PP300KX
62489,No,PP300RMZ
62490,No,PP300YZ
62491,Yes,12036
62492,Yes,12037
62493,Yes,12200
62494,Yes,OR2094
62495,Yes,L15150B
62495,Yes,L15150B
62496,No,OR2754
62497,Yes,12069
62498,Yes,12066
62499,Yes,12068
62500,Yes,12084
62501,Yes,12071
62502,Yes,12070
62503,Yes,12067
62504,No,OR2690
62505,No,OR2829
62505,No,OR2829
62506,No,OR2811
62507,No,OR2812
62508,No,OR2813
62509,No,OR2815
62510,No,OR2816
62511,No,OR2817
62512,No,OR2818
62513,No,OR2819
62513,No,OR2819
62514,No,OR2820
62515,No,OR2821
62516,No,OR2822
62517,No,OR2823
62518,No,OR2824
62519,No,OR2825
62520,No,OR2826
62520,No,OR2826
62521,No,OR2827
62522,No,OR2828
62523,No,OR2830
62524,No,OR2831
62525,No,OR2832
62526,No,OR2833
62527,No,OR2834
62527,No,OR2834
62528,No,OR2835
62528,No,OR2835
62529,No,OR2836
62529,No,OR2836
62530,No,OR2837
62530,No,OR2837
62531,No,OR2838
62531,No,OR2838
62532,No,ORWSF01BK
62533,No,ORWSF01BU
62534,No,ORWSF01R
62535,No,ORWSF02BK
62536,No,ORWSF03BK
62537,No,ORWSF02BU
62538,No,ORWSF03BU
62539,No,ORWSF04BU
62540,No,ORWSF06BU
62541,No,ORWSF04GN
62542,No,ORWSF02R
62543,No,ORWSF03R
62544,No,ORWSF06R
62545,No,ORWSF04BK
62546,No,ORWSF05BK
62547,No,ORWSF06BK
62548,No,ORWSF05BU
62549,No,ORWSF04R
62550,No,ORWSF05R
62551,No,ORWSR01BK
62552,No,ORWSR01BU
62553,No,ORWSR01R
62554,No,ORWSR02BK
62555,No,ORWSR02BU
62556,No,ORWSR02R
62557,No,ORWSR04BK
62558,No,ORWSR05BK
62559,No,ORWSR06BK
62560,No,ORWSR04BK1
62561,No,ORWSR04BU
62562,No,ORWSR05BU
62563,No,ORWSR06BU
62564,No,ORWSR04BU1
62565,No,ORWSR04GN
62566,No,ORWSR04GN1
62567,No,ORWSR04R
62568,No,ORWSR05R
62569,No,ORWSR06R
62570,No,ORWSR04R1
62571,Yes,HT10
62572,Yes,AWS1
62573,Yes,HT6
62574,Yes,HT8
62575,Yes,AV5
62576,Yes,BCB4
62577,Yes,PRS3MLB
62578,Yes,FFS2
62579,Yes,PP1
62580,Yes,CRP2
62581,Yes,MLP12
62582,Yes,PB1
62583,Yes,SG6
62584,Yes,HHP2M
62585,Yes,RT1
62586,Yes,RT2
62587,Yes,CRS2M
62588,Yes,PRS4WM
62589,Yes,TS7M
62590,Yes,PRS4M
62591,Yes,130
62592,No,PP2567
62593,No,PP2567BK
62594,Yes,PP28591
62595,Yes,PP28592
62596,Yes,PP28593
62597,Yes,PP14814
62598,Yes,PP2700
62599,Yes,PP2128
62600,Yes,PP1692R10
62601,Yes,PP247810
62602,Yes,PP2541
62603,Yes,PP3030
62604,Yes,PP3218
62605,Yes,PFW121
62606,Yes,PP1692R12
62607,Yes,PP247812
62608,Yes,PP278312
62609,Yes,PP278313
62610,Yes,PP247814
62611,Yes,PP278314
62612,Yes,PP196
62613,Yes,PP2584
62614,Yes,PP2663
62615,Yes,PP1692R15
62616,Yes,PP3003
62617,Yes,PP2063
62618,Yes,PP3219
62619,Yes,PP1692R17
62620,Yes,PP247817
62621,Yes,PP261
62622,Yes,PP2861
62623,Yes,PP1692R19
62624,Yes,PP247819
62625,Yes,PP1692R20
62626,Yes,PP1692R22
62627,Yes,908BK
62628,Yes,908
62629,Yes,PP1692R25
62630,Yes,PP1692R28
62631,Yes,PP2652
62632,Yes,PP2562
62633,Yes,PP3132
62634,Yes,PP3125
62635,Yes,PP2816
62636,Yes,PP2008
62637,Yes,PP312S
62638,Yes,PP14838
62639,Yes,PP2557
62640,Yes,PP2556
62641,Yes,PP2470
62642,Yes,PP1692R30
62643,Yes,PP1692R32
62644,Yes,804BK
62645,Yes,804
62646,Yes,PP2585
62647,Yes,PP20913
62648,Yes,PP2744
62649,Yes,PP2587
62650,Yes,576
62651,Yes,PP3189
62652,Yes,303
62653,Yes,305
62654,Yes,PP2126
62655,Yes,PP2626
62656,Yes,PP2733
62657,Yes,902BK
62658,Yes,902
62659,Yes,PP2458
62660,Yes,PP20914
62661,Yes,11015BK
62662,Yes,754810
62663,Yes,PP3181
62664,Yes,PP2451
62665,Yes,PP2656
62666,Yes,PP2764KTM
62667,Yes,PP3156BK
62668,Yes,PP3156BU
62669,Yes,PP3156R
62670,Yes,PP3156S
62671,Yes,PP20915
62672,Yes,PP3134BK
62673,Yes,PP3134BU
62674,Yes,PP3134R
62675,Yes,PP3134S
62676,Yes,PP3149BK
62677,Yes,PP3149BU
62678,Yes,PP3149R
62679,Yes,PP3149S
62680,Yes,PP3135BK
62681,Yes,PP3135BU
62682,Yes,PP3135R
62683,Yes,PP3135S
62684,Yes,PP3150BK
62685,Yes,PP3150BU
62686,Yes,PP3150R
62687,Yes,PP3150S
62688,Yes,PP3136BK
62689,Yes,PP3136BU
62690,Yes,PP3136R
62691,Yes,PP3136S
62692,Yes,PP3151BK
62693,Yes,PP3151BU
62694,Yes,PP3151R
62695,Yes,PP3151S
62696,Yes,PP290
62697,Yes,PP3160
62698,Yes,PP2575
62699,Yes,302BK
62700,Yes,302
62701,Yes,598BK
62702,Yes,598
62703,Yes,304BK
62704,Yes,304
62705,Yes,803BK
62706,Yes,803
62707,Yes,PP186
62708,Yes,PP2481
62709,Yes,909BK
62710,Yes,909
62711,Yes,PP2127
62712,Yes,PP194
62713,Yes,PP3157BK
62714,Yes,PP3157BU
62715,Yes,PP3157R
62716,Yes,PP3157S
62717,Yes,PP3211
62718,Yes,PP3137BK
62719,Yes,PP3137BU
62720,Yes,PP3137R
62721,Yes,PP3137S
62722,Yes,PP3152BK
62723,Yes,PP3152BU
62724,Yes,PP3152R
62725,Yes,PP3152S
62726,Yes,PP3138BK
62727,Yes,PP3138BU
62728,Yes,PP3138R
62729,Yes,PP3138S
62730,Yes,PP3153BK
62731,Yes,PP3153BU
62732,Yes,PP3153R
62733,Yes,PP3153S
62734,Yes,PP3154BK
62735,Yes,PP3154BU
62736,Yes,PP3154R
62737,Yes,PP3154S
62738,Yes,PP3139BK
62739,Yes,PP3139BU
62740,Yes,PP3139R
62741,Yes,PP3139S
62742,Yes,PP3155BK
62743,Yes,PP3155BU
62744,Yes,PP3155R
62745,Yes,PP3155S
62746,Yes,PP3140BK
62747,Yes,PP3140BU
62748,Yes,PP3140R
62749,Yes,PP3140S
62750,Yes,PP3141BK
62751,Yes,PP3141BU
62752,Yes,PP3141R
62753,Yes,PP3141S
62754,Yes,PP3142BK
62755,Yes,PP3142BU
62756,Yes,PP3142R
62757,Yes,PP3142S
62758,Yes,PP3143BK
62759,Yes,PP3143BU
62760,Yes,PP3143R
62761,Yes,PP3143S
62762,Yes,511
62763,Yes,513
62764,Yes,515
62765,Yes,PP2401
62766,Yes,PP2650
62767,Yes,PP191
62768,Yes,PP2655
62769,Yes,903BK
62770,Yes,903
62771,Yes,PP2839BK
62772,Yes,PP2839
62773,Yes,577
62774,Yes,PP3212
62775,Yes,PP24788
62776,Yes,PP3144BK
62777,Yes,PP3144BU
62778,Yes,PP3144R
62779,Yes,PP3144S
62780,Yes,PP3145BK
62781,Yes,PP3145BU
62782,Yes,PP3145R
62783,Yes,PP3145S
62784,Yes,PP3146BK
62785,Yes,PP3146BU
62786,Yes,PP3146R
62787,Yes,PP3146S
62788,Yes,PP3147BK
62789,Yes,PP3147BU
62790,Yes,PP3147R
62791,Yes,PP3147S
62792,Yes,PP3148BK
62793,Yes,PP3148BU
62794,Yes,PP3148R
62795,Yes,PP3148S
62796,Yes,PP1692
62797,Yes,PP1694
62798,Yes,PP2890
62799,Yes,PP2475
62800,Yes,PP2821
62801,Yes,PP2590
62802,Yes,PP3102
62803,Yes,PP2830
62804,Yes,PP2997
62805,Yes,PP2460
62806,Yes,PP2649
62807,Yes,PP2860
62808,Yes,584
62809,Yes,566BK
62810,Yes,566
62811,Yes,567BK
62812,Yes,567
62813,Yes,455BK
62814,Yes,455
62815,Yes,805BK
62816,Yes,805
62817,Yes,461BK
62818,Yes,461LBK
62819,Yes,461L
62820,Yes,461
62821,Yes,PP3188BK
62822,Yes,PP3188
62823,Yes,PP3186
62824,Yes,PP3118BK
62825,Yes,PP3118
62826,Yes,PP1690R
62827,No,PP3243
62828,No,PP3244
62829,No,PP3245
62830,No,PP3246
62831,No,PP3247
62832,No,PP3248
62833,No,PP3249
62834,No,PP3250
62835,No,PP3251
62836,No,PP3252
62837,No,PP3253
62838,No,PP3254
62839,No,PP3255
62840,No,PP3256
62841,No,PP3257
62842,No,PP3258
62843,No,PP3259
62844,No,PP3260
62845,No,PP3261
62846,No,PP3262
62847,No,PP3263
62848,No,PP3264
62849,No,PP3265
62850,Yes,456BK
62851,Yes,456
62852,Yes,PP145BK
62853,Yes,PP145BU
62854,Yes,PP145O
62855,Yes,PP145R
62856,Yes,PP145S
62857,Yes,11021BK
62858,Yes,11021S
62859,Yes,11003BK
62860,Yes,PP2996BK
62861,Yes,PP2996S
62862,Yes,PP2995BK
62863,Yes,PP2995S
62864,Yes,11003S
62865,Yes,11022BK
62866,Yes,11022S
62867,Yes,11004BK
62868,Yes,11004S
62869,Yes,11024S
62870,Yes,11024BK
62871,Yes,PP3200BK
62872,Yes,PP3200BU
62873,Yes,PP3200R
62874,Yes,PP3200S
62875,Yes,PP3199BK
62876,Yes,PP3199BU
62877,Yes,PP3199R
62878,Yes,PP3199S
62879,Yes,PP2824
62880,Yes,PP3001
62881,Yes,PP3002
62882,Yes,PP3000
62883,Yes,PP2709ATV
62884,Yes,PP3116
62885,Yes,PP2754
62886,Yes,PP2754L
62887,Yes,PP2721
62888,Yes,RT4124
62889,Yes,RT4136
62890,Yes,PP2061S
62891,Yes,12041724
62892,Yes,12041727
62893,Yes,12042227
62894,Yes,12042232
62895,Yes,PP3275
62896,Yes,PP3113
62897,Yes,PP3183
62898,Yes,PP2817
62899,Yes,PP276BK
62900,Yes,PP276BU
62901,Yes,PP276O
62902,Yes,PP276R
62903,Yes,PP276S
62904,Yes,PP1678BK
62905,Yes,PP1678SBK
62906,Yes,PP292
62907,Yes,PP2593
62908,Yes,PP1694R10
62909,Yes,PP1694R12
62910,Yes,PP1694R15
62911,Yes,PP1694R17
62912,Yes,PP1694R20
62913,Yes,PP1694R25
62914,Yes,PP1694R30
62915,Yes,PP1694R8
62916,Yes,PP3233
62917,Yes,807
62918,Yes,PP2839BBK
62919,Yes,PP2839B
62920,Yes,PP2735
62921,Yes,607BK
62922,Yes,607
62923,Yes,PP3196
62924,Yes,PP3228
62925,Yes,PP2618
62926,Yes,PP2453
62927,Yes,PP2699
62928,Yes,PP3234
62929,Yes,PP2781
62930,Yes,PP3184
62931,Yes,PP2852
62932,Yes,PP1773
62933,Yes,PP2829
62934,Yes,PP2651
62935,Yes,PP309
62935,Yes,PP309
62936,Yes,PP2093
62937,Yes,PP3229
62938,Yes,PP2502
62939,Yes,11020
62940,Yes,11019
62941,Yes,11020K
62942,Yes,11019K
62943,Yes,11018
62944,Yes,11017
62945,Yes,11018K
62946,Yes,11017K
62947,Yes,PP3124
62948,Yes,PP301
62949,Yes,PP3216
62950,Yes,PP3078
62951,Yes,PP3079
62952,Yes,PP3120
62953,Yes,PP3269
62954,Yes,468
62955,Yes,519
62956,Yes,PPW12M
62957,Yes,PPW13
62958,Yes,PPW14
62959,Yes,PPW15
62960,Yes,PPW17
62961,Yes,PPW18
62962,Yes,PPW19
62963,Yes,PPW20
62964,Yes,PPW21
62965,Yes,PPW22
62966,Yes,PPW24
62967,Yes,PPW27
62968,Yes,PPW38
62969,Yes,PPW32
62970,Yes,PPW716
62971,Yes,PPW8
62972,Yes,PPW916
62973,Yes,PPW9
62974,Yes,RT04C506
62975,Yes,RT04C508
62976,Yes,RT46
62977,Yes,PP1011
62978,Yes,PP3278
62979,Yes,PP2092
62980,Yes,PPW16
62981,Yes,470BK
62982,Yes,470
62983,Yes,463BK
62984,Yes,463
62985,Yes,PP3171BK
62986,Yes,PP3171W
62987,Yes,PP2720
62988,Yes,PP3178
62989,Yes,PP3178W
62990,No,PP3037
62991,Yes,PP2472
62992,Yes,PP3133
62993,Yes,PP2455
62994,Yes,PP3104
62995,Yes,PP2906
62996,Yes,PP3013
62997,Yes,PP3014
62998,Yes,PP2730
62999,Yes,PP2799
63000,Yes,PP1721
63001,Yes,611BK
63002,Yes,611
63003,Yes,9016
63004,Yes,901
63005,Yes,PP2827
63006,Yes,PP3182
63007,Yes,PP3127
63008,Yes,PP3126
63009,Yes,PP3105BK
63010,Yes,PP3105
63011,Yes,PP3163
63012,Yes,PP3162
63013,Yes,PP3158
63014,Yes,PP3164
63015,Yes,PP125BK
63016,Yes,PP125
63017,Yes,116HB
63018,Yes,PP2902
63019,Yes,PP2910
63020,Yes,PP2591
63021,Yes,PP3131
63022,Yes,PP3130
63023,Yes,PP3129
63024,Yes,PP3122
63025,Yes,545
63026,Yes,546BK
63027,Yes,546
63028,Yes,11031
63029,Yes,11012
63030,Yes,PP2572
63031,Yes,PP2574
63032,Yes,PP302
63033,Yes,9016S
63034,Yes,529BK
63035,Yes,529
63036,Yes,591
63037,Yes,460BK
63038,Yes,460
63039,Yes,PP3195LX
63040,Yes,PP3195SM
63041,Yes,490BK
63042,Yes,490
63043,Yes,602BK
63044,Yes,602
63045,Yes,609BK
63046,Yes,609
63047,Yes,610BK
63048,Yes,610
63049,Yes,PP2767
63050,Yes,488
63051,Yes,11009
63052,No,PP2332
63053,No,PP3091
63054,No,PP2842
63055,No,PP2843
63056,No,PP2361
63057,No,PP2780
63058,No,PP2362
63059,No,PP2813
63060,No,PP2774
63061,No,PP2731
63062,No,PP2732
63063,No,PP3271
63064,Yes,PP3236
63065,Yes,PP3237
63066,Yes,494
63067,Yes,445
63068,Yes,PP2422
63069,Yes,PP2713BU
63070,Yes,PP2713R
63071,Yes,PP2713
63072,Yes,PP2324BK
63073,Yes,PP2324
63074,Yes,PP2828
63075,Yes,PP2722
63076,Yes,PP2828H
63077,Yes,PP2848
63078,Yes,PP2713BK
63079,Yes,PP2713O
63080,Yes,PP2659
63081,Yes,PP2648
63082,Yes,PP1729
63083,Yes,PP2883
63084,Yes,PP2884
63085,Yes,PP2885
63086,Yes,PP2886
63087,Yes,PP2887
63088,Yes,PP2661
63089,Yes,PP2612
63090,Yes,PP2888
63091,Yes,PP2889
63092,Yes,PP106
63093,Yes,PP2469
63094,Yes,PP2986
63095,Yes,PP2985
63096,Yes,PP2987
63097,Yes,PP2981
63098,Yes,PP2983
63099,Yes,PP2991
63100,Yes,PP2982
63101,Yes,PP2989
63102,Yes,PP2988
63103,Yes,PP2990
63104,Yes,PP2980
63105,Yes,PP2984
63106,Yes,PP2992
63107,Yes,PP2993
63108,Yes,PP2994
63109,Yes,754805
63110,Yes,PP182
63111,Yes,430BK
63112,Yes,430
63113,Yes,431BK
63114,Yes,431
63115,Yes,429BK
63116,Yes,429
63117,Yes,436BK
63118,Yes,436
63119,Yes,543BK
63120,Yes,543
63121,Yes,PP2669BK
63122,Yes,PP2669
63123,Yes,491
63124,Yes,572
63125,Yes,VT105
63126,Yes,VT106
63127,Yes,VT101
63128,Yes,VT102
63129,Yes,454BK
63130,Yes,454
63131,Yes,PP2882
63132,Yes,PP2880
63133,Yes,PP3161
63134,Yes,PP2091
63135,Yes,PP2322
63136,Yes,PP2825
63137,Yes,PP2845
63138,Yes,448BK
63139,Yes,448
63140,Yes,518BK
63141,Yes,518
63142,Yes,PP2855
63143,Yes,PP2856
63144,Yes,PP2121
63145,Yes,PP2658
63146,Yes,PP3273L
63147,Yes,PP3273M
63148,Yes,PP3273S
63149,Yes,PP3273XL
63150,Yes,PP3273XXL
63151,Yes,PP3191BUL
63152,Yes,PP3191BUM
63153,Yes,PP3191BUS
63154,Yes,PP3191BUXL
63155,Yes,PP3191BUXXL
63156,Yes,PP3191RL
63157,Yes,PP3191RM
63158,Yes,PP3191RS
63159,Yes,PP3191RXL
63160,Yes,PP3191RXXL
63161,Yes,PP3193RL
63162,Yes,PP3193RM
63163,Yes,PP3193RS
63164,Yes,PP3193RXL
63165,Yes,PP3193RXXL
63166,Yes,PP193
63167,Yes,PP3121
63168,Yes,PP2560
63169,Yes,449
63170,Yes,PP2818
63171,Yes,PP2820
63172,Yes,PP2819
63173,Yes,469BK
63174,Yes,469
63175,Yes,442BK
63176,Yes,442
63177,Yes,604BK
63178,Yes,604
63179,Yes,458BK
63180,Yes,458
63181,Yes,PP2853
63182,Yes,PP2709KTM
63183,Yes,PP2908
63184,No,PP3040
63185,No,PP3038
63186,Yes,PP2723
63187,Yes,463LBBK
63188,Yes,463LB
63189,Yes,PP2695BK
63190,Yes,PP2695
63191,Yes,PPRM6
63192,Yes,M6FN
63193,Yes,M612BHB
63194,Yes,M612FB
63195,Yes,M616AHB
63196,Yes,M616BHB
63197,Yes,M616FB
63198,Yes,M620AHB
63199,Yes,M620BHB
63200,Yes,M620FB
63201,Yes,M625AHB
63202,Yes,M625BHB
63203,Yes,M625FB
63204,Yes,M630AHB
63205,Yes,M630FB
63206,Yes,M635FB
63207,Yes,M640AHB
63208,Yes,PPRM8P
63209,Yes,PPRM8
63210,Yes,M8FN
63211,Yes,M820AHB
63212,Yes,M820BHB
63213,Yes,M820FB
63214,Yes,M830AHB
63215,Yes,M830BHB
63216,Yes,M830FB
63217,Yes,M835FB
63218,Yes,M840AHB
63219,Yes,M840BHB
63220,Yes,M840FB
63221,Yes,PP2826
63222,Yes,PP3227
63223,Yes,24461
63224,Yes,PP2709
63225,Yes,PP2879
63226,Yes,PP106S
63227,Yes,PP2764
63228,Yes,PP103BK
63229,Yes,PP103BU
63230,Yes,PP103O
63231,Yes,PP103R
63232,Yes,PP103S
63233,Yes,PP3016
63234,Yes,606
63235,Yes,PP2831
63236,Yes,PP2459
63237,Yes,PP3169L
63238,Yes,PP3169
63239,Yes,PP3170
63240,Yes,PP3170L
63241,Yes,446BK
63242,Yes,446
63243,Yes,PP2896
63244,Yes,PPJK
63245,Yes,PP2467
63246,Yes,24460
63247,Yes,PP2747
63248,Yes,PP2881
63249,Yes,PP2791
63250,Yes,PP3232
63251,Yes,PP3238
63252,Yes,443BK
63253,Yes,443
63254,Yes,563BK
63255,Yes,563
63256,Yes,564BK
63257,Yes,564
63258,Yes,PP2541S
63259,Yes,PP163S
63260,Yes,PP309R6
63261,Yes,PP277BK
63262,Yes,PP277BU
63263,Yes,PP277O
63264,Yes,PP277R
63265,Yes,PP277S
63266,Yes,573BK
63267,Yes,573
63268,Yes,PP3231
63269,Yes,PP2748L
63270,Yes,PP2748H
63271,Yes,11023
63272,Yes,11025
63273,Yes,PP2859S
63274,Yes,PP2476
63275,Yes,PP2751
63276,Yes,PP2999
63277,Yes,PP3224
63278,Yes,PP3225
63279,Yes,PP3226
63280,Yes,PP2552
63281,Yes,PP2833
63282,Yes,PPPB
63283,Yes,PP164
63284,Yes,PP2903
63285,Yes,PP2333
63286,Yes,PPSP
63287,Yes,PP2660
63288,Yes,PP16702
63289,Yes,PP16701
63290,Yes,PP16703
63291,Yes,4491K1
63292,Yes,PP2869BK
63293,Yes,PP2869BU
63294,Yes,PP2869R
63295,Yes,PP2869S
63296,Yes,907BK
63297,Yes,907
63298,Yes,PP3119BK
63299,Yes,PP3119
63300,Yes,474BK
63301,Yes,474
63302,Yes,PP2756
63303,Yes,PP2757
63304,Yes,PP2755
63305,Yes,PP2755BK
63306,Yes,PP311
63307,Yes,RT10
63308,Yes,RT08
63309,Yes,RT04C6
63310,Yes,RT04C8
63311,Yes,PP107
63312,Yes,PP3240
63313,Yes,PP3185
63314,Yes,11005W
63315,Yes,11005
63316,Yes,11007W
63317,Yes,11007
63318,Yes,11011
63319,Yes,PP2911S
63320,Yes,PP2911
63321,Yes,11008
63322,Yes,453BK
63323,Yes,453
63324,Yes,110212
63325,Yes,PP2904
63326,Yes,PP3173
63327,Yes,806
63328,Yes,PP28458
63329,Yes,PP309R8
63330,Yes,PP309R7
63331,Yes,PP2821E
63332,Yes,PP2821D
63333,Yes,PP2821B
63334,Yes,PP2821C
63335,Yes,PP2821A
63336,Yes,PP2710
63337,Yes,PP2651B
63338,Yes,PP2727R
63339,Yes,PP246650
63340,Yes,PP246654
63341,Yes,PP246656
63342,Yes,PP246658
63343,Yes,PP246660
63344,Yes,PP246662
63345,Yes,PP246664
63346,Yes,PP246665
63347,Yes,PP246666
63348,Yes,PP246668
63349,Yes,PP24667
63350,Yes,PP3239
63351,Yes,PP1692RLR
63352,Yes,PP28453
63353,Yes,PP28454
63354,Yes,PP28455
63355,Yes,PP1011P
63356,Yes,PP17731
63357,Yes,PP2322P
63358,Yes,PP309R2
63359,Yes,PP309R4
63360,Yes,PP2825P
63361,Yes,PP309R3
63362,Yes,PP2091PP
63363,Yes,PP28456
63364,Yes,PP2551P
63365,Yes,PP28457
63366,Yes,PP2091P
63367,Yes,PP309R5
63368,Yes,PP1692RSR
63369,Yes,PP28459
63370,Yes,PP2566
63371,Yes,PP3270
63372,Yes,PP2740
63373,Yes,PP3221
63374,Yes,PP2801
63375,Yes,PP2802
63376,Yes,PP2800
63377,Yes,PP3272
63378,Yes,PPRLTL
63379,Yes,PPRLTM
63380,Yes,PPRLTS
63381,Yes,PPRLTXL
63382,Yes,PPRLTXXL
63383,Yes,PPRLTXXXL
63384,Yes,PP3198
63385,Yes,PP3197
63386,Yes,PP319750
63387,Yes,11013
63388,Yes,11001BK
63389,Yes,11001BU
63390,Yes,11001R
63391,Yes,11001S
63392,Yes,PP2766
63393,Yes,PP101
63394,Yes,PP2769
63395,Yes,PP4106
63396,Yes,PP410
63397,Yes,PP3276
63398,Yes,PP3277
63399,Yes,PP2551
63400,Yes,PP2454
63401,Yes,PP3077
63402,Yes,PP2900
63403,Yes,441
63404,Yes,464BK
63405,Yes,464
63406,Yes,465BK
63407,Yes,465
63408,Yes,445BK
63409,Yes,PP1609
63410,Yes,PP2551S
63411,Yes,PP2461
63412,Yes,447BK
63413,Yes,447
63414,Yes,PP282BK
63415,Yes,PP282
63416,Yes,545BK
63417,Yes,PP3274
63418,Yes,PP281
63419,Yes,802
63420,Yes,PP2657
63421,Yes,PP2646
63422,Yes,PP2646R51
63423,Yes,PP2646R58
63424,Yes,PP2646R60
63425,Yes,PP2646R61
63426,Yes,PP2646R63
63427,Yes,PP2646R64
63428,Yes,PP2646R65
63429,Yes,PP2646R67
63430,Yes,PP2646R68
63431,Yes,PP2646R69
63432,Yes,PP2646RS
63433,Yes,PP2466R
63434,Yes,PPWB
63435,Yes,PP2709SB
63436,Yes,PP2375ST
63437,Yes,PP2375F
63438,Yes,PP2375
63439,Yes,PP3064
63440,Yes,PP2375W
63441,Yes,PP3241
63442,Yes,PP3268
63443,Yes,PP3223L
63444,Yes,PP3223S
63445,Yes,PP3190
63446,Yes,PP2734
63447,Yes,PP2588
63448,Yes,PP192
63449,Yes,PP303214
63450,Yes,PP30328
63451,Yes,PP3187
63452,Yes,PP2739BK
63453,Yes,PP2739
63454,Yes,PP2782
63455,Yes,PP2564
63456,Yes,PP2892
63457,Yes,PP3194
63458,Yes,11006
63459,Yes,PP2737
63460,Yes,PP2850
63461,Yes,550
63462,Yes,PP265
63463,Yes,PP2473
63464,Yes,PP1728S
63465,Yes,PP17284
63466,Yes,PP17285
63467,Yes,PP17286
63468,Yes,PP272
63469,Yes,PP2452
63470,Yes,PP258BK
63471,Yes,PP258BU
63472,Yes,PP258R
63473,Yes,PP260BK
63474,Yes,PP260BU
63475,Yes,PP260R
63476,Yes,PP2758
63477,Yes,PP259BK
63478,Yes,PP259BU
63479,Yes,PP259R
63480,Yes,PP263BK
63481,Yes,PP263B
63482,Yes,PP263R
63483,Yes,7873391
63484,Yes,PP167BK
63485,Yes,PP167BU
63486,Yes,PP167R
63487,Yes,PP2759
63488,Yes,PP2726BU
63489,Yes,PP2726G
63490,Yes,PP2726R
63491,Yes,PP2726Y
63492,Yes,PP2832
63493,Yes,PP2832S
63494,Yes,PP2589
63495,Yes,PP2998
63496,Yes,PP271
63497,Yes,PP2753
63498,Yes,601
63499,Yes,PP2727
63500,Yes,PP2064
63501,Yes,PP275
63502,Yes,PP3203
63503,Yes,PP3179
63504,Yes,PP3180
63505,Yes,PP2952
63506,Yes,PP2617
63507,Yes,PP3167
63508,Yes,PP2846
63509,Yes,PP163
63510,Yes,PP2905
63511,Yes,PPTB
63512,Yes,540
63513,Yes,PP109T
63514,Yes,PP109W
63515,Yes,PP2670BK
63516,Yes,PP2670
63517,Yes,PP3117BK
63518,Yes,PP3117
63519,Yes,PP277T
63520,Yes,PP2586
63521,Yes,PPT25
63522,Yes,PPT40
63523,Yes,PP3076
63524,Yes,PP2849
63525,Yes,A20800
63526,Yes,583
63527,Yes,PP3072
63528,Yes,PP2834
63529,Yes,PP2895
63530,Yes,PP1693
63531,Yes,PP2474
63532,Yes,PP3159L
63533,Yes,PP3159XL
63534,Yes,PP2857
63535,Yes,PP2947
63536,Yes,11010
63537,Yes,PP2321
63538,Yes,PP2762
63539,Yes,PP2707H
63540,Yes,PP2707S
63541,Yes,PP2563
63542,Yes,PP2815
63543,Yes,523
63544,Yes,VP105
63545,Yes,910BK
63546,Yes,910
63547,Yes,501
63548,Yes,PP1727
63549,Yes,PP2894
63550,Yes,754810K
63551,Yes,PP2765
63552,Yes,PPW12
63553,Yes,PPW10
63554,Yes,PPW11
63555,Yes,PP31214
63556,Yes,PP3128
63557,Yes,PP2360
63558,Yes,PP2854
63559,No,PP3039
63560,Yes,544
63561,Yes,544BK
63562,Yes,394061
63563,Yes,394062
63564,Yes,20214
63565,Yes,20207
63566,Yes,GB420MXZ120
63567,Yes,GB428MXZ120
63568,Yes,GB420MXZ126
63569,Yes,GB420MXZ132
63570,Yes,GB428MXZ134
63571,Yes,GB420MXZCL
63572,Yes,GB428MXZCL
63573,Yes,GB520MXZ4114
63574,Yes,GB520MXZ4116
63575,Yes,GB520MXZ4120
63576,Yes,GB520MXZ4CL
63577,Yes,GB520XSO108
63578,Yes,GB525XSO108
63579,Yes,GB520XSO110
63580,Yes,GB525XSO110
63581,Yes,GB520XSO112
63582,Yes,GB525XSO112
63583,Yes,GB520XSO114
63584,Yes,GB525XSO114
63585,Yes,GB520XSO116
63586,Yes,GB525XSO116
63587,Yes,GB525XSO118
63588,Yes,GB520XSO120
63589,Yes,GB525XSO120
63590,Yes,GB530XSOZ1108
63591,Yes,GB530XSOZ1110
63592,Yes,GB530XSOZ1112
63593,Yes,GB530XSOZ1114
63594,Yes,GB530XSOZ1116
63595,Yes,GB530XSOZ1120
63596,Yes,GB530XSOZ1CL
63597,Yes,GB530XSOZ1RL
63598,Yes,GB530XSOZ1122
63599,Yes,GB525GXW108
63600,Yes,GB525GXW110
63601,Yes,GB530GXW110
63602,Yes,GB530GXW112
63603,Yes,GB530GXW114
63604,Yes,GB530GXW116
63605,Yes,530GXW118
63606,Yes,GB530GXW118
63607,Yes,GB525GXW120
63608,Yes,GB530GXW120
63609,Yes,GB530GXWRL
63610,Yes,GB520EXW112
63611,Yes,GB520EXW114
63612,Yes,GB520EXW116
63613,Yes,GB520EXW120
63614,Yes,GB520EXW96
63615,Yes,GB520EXWCL
63616,Yes,GB520XSOCL
63617,Yes,GB520XSORL
63618,Yes,GB525XSOCL
63619,Yes,GB525XSORL
63620,Yes,GB520GXW108
63621,Yes,GB520GXW110
63622,Yes,GB520GXW112
63623,Yes,GB520GXW114
63624,Yes,GB520GXW116
63625,Yes,GB520GXW118
63626,Yes,GB520GXW120
63627,Yes,GB520GXWRL
63628,Yes,GB525GXWRL
63629,Yes,428MXZCL
63630,Yes,428MXZ120
63631,Yes,420MXZ120
63632,Yes,420MXZCL
63633,Yes,520MXZ4120
63634,Yes,520MXZ4CL
63635,Yes,520XSO108
63636,Yes,525XSO108
63637,Yes,520XSO110
63638,Yes,525XSO110
63639,Yes,520XSO112
63640,Yes,525XSO112
63641,Yes,520XSO114
63642,Yes,525XSO114
63643,Yes,520XSO116
63644,Yes,525XSO116
63645,Yes,520XSO120
63646,Yes,525XSO120
63647,Yes,520XSOCL
63648,Yes,525XSOCL
63649,Yes,520XSORL
63650,Yes,525XSORL
63651,Yes,530XSOZ1108
63652,Yes,530XSOZ1110
63653,Yes,530XSOZ1112
63654,Yes,530XSOZ1114
63655,Yes,530XSOZ1116
63656,Yes,530XSOZ1120
63657,Yes,530XSOZ1122
63658,Yes,530XSOZ1CL
63659,Yes,530XSOZ1RL
63660,Yes,525GXW108
63661,Yes,525GXW110
63662,Yes,530GXW110
63663,Yes,525GXW112
63664,Yes,530GXW112
63665,Yes,GB525GXW112
63666,Yes,530GXW114
63667,Yes,530GXW116
63668,Yes,525GXW118
63669,Yes,525GXW120
63670,Yes,530GXW120
63671,Yes,530GXW122
63672,Yes,525GXWRL
63673,Yes,530GXWRL
63674,Yes,520EXW100
63675,Yes,520EXW104
63676,Yes,520EXW116
63677,Yes,520EXW120
63678,Yes,520EXW92
63679,Yes,520EXW96
63680,Yes,520EXWCL
63681,Yes,GB520MXU120
63682,Yes,GB520MXUCL
63683,Yes,M420CL
63684,Yes,M420120
63685,Yes,M420126
63686,Yes,M428HCL
63687,Yes,M428H120
63688,Yes,M428H134
63689,Yes,M520HCL
63690,Yes,M520H120
63691,Yes,520GXW108
63692,Yes,520GXW110
63693,Yes,520GXW112
63694,Yes,520GXW114
63695,Yes,520GXW116
63696,Yes,520GXW120
63697,Yes,520GXWRL
63698,Yes,SC848W
63699,Yes,SC606W
63700,Yes,SC505W
63701,Yes,SC888W
63702,Yes,RCHLC
63703,Yes,RCHLR
63704,Yes,FVM1DXRD15
63705,Yes,FV1CFKV13
63706,Yes,FV1CFBW15
63707,Yes,FV1CFPW15
63708,Yes,FV1CFGT15
63709,Yes,FVM1CFKB15
63710,Yes,FVM1CFBV15
63711,Yes,FVM1CFAE14
63712,Yes,FVM1DXDG15
63713,Yes,FVM1DXBK15
63714,Yes,FVM1DXBL15
63715,Yes,FVM1DXBP15
63716,Yes,FVM1DXFT15
63717,Yes,FVM1DXPA15
63718,Yes,FVM1DXNO15
63719,Yes,FVM1DXWT15
63720,Yes,FVM1CFDD14
63721,Yes,FVM1CFDF15
63722,Yes,FV1CFOA15
63723,Yes,FV1CFDA15
63724,Yes,FV1CFVV13
63725,Yes,FV1CFYT15
63726,Yes,FVM1CFBV14
63727,Yes,SW1001
63728,No,OR3126