"id","location"
58250,""
58251,"Lower"
58252,"Lower"
58253,"Lower"
58254,"Lower"
58255,"Lower"
58256,"Lower"
58257,"Lower"
58258,"Lower"
58259,"Lower"
58260,"Lower"
58261,"Lower"
58262,"Lower"
58263,"Lower"
58264,"Lower"
58265,"Lower"
58266,"Lower"
58267,"Lower"
58268,"Lower"
58269,"Lower"
58270,"Lower"
58271,"Lower"
58272,"Lower"
58273,"Lower"
58274,"Lower"
58275,"Lower"
58276,"Upper"
58277,"Lower"
58278,"Upper"
58279,"Upper"
58280,"Lower"
58281,"Lower"
58282,"Lower"
58283,"Lower"
58284,"Lower"
58285,"Upper"
58286,"Upper"
58287,"Lower"
58288,"Lower"
58289,"Lower"
58290,"Lower"
58291,"Lower"
58292,""
58293,""
58294,""
58295,""
58296,""
58297,""
58298,""
58299,""
58300,""
58301,""
58302,""
58303,""
58304,""
58305,""
58306,""
58307,""
58308,""
58309,""
58310,""
58311,""
58312,""
58313,""
58314,""
58315,""
58316,""
58317,""
58318,""
58319,""
58320,""
58321,""
58322,""
58323,""
58324,""
58325,""
58326,""
58327,""
58328,""
58329,""
58330,""
58331,""
58332,""
58333,""
58334,""
58335,""
58336,""
58337,""
58338,""
58339,""
58340,""
58341,""
58342,""
58343,""
58344,""
58345,""
58346,""
58347,""
58348,""
58349,""
58350,""
58351,""
58352,""
58353,""
58354,""
58355,""
58356,""
58357,""
58358,""
58359,""
58360,""
58361,""
58362,""
58363,""
58364,""
58365,""
58366,""
58367,""
58368,""
58369,""
58370,""
58371,""
58372,""
58373,""
58374,""
58375,""
58376,""
58377,""
58378,""
58379,""
58380,""
58381,""
58382,""
58383,""
58384,""
58385,""
58386,""
58387,""
58388,""
58389,""
58390,""
58391,""
58392,""
58393,""
58394,""
58395,""
58396,""
58397,""
58398,""
58399,""
58400,""
58401,""
58402,""
58403,""
58404,""
58405,""
58406,""
58407,""
58408,""
58409,""
58410,""
58411,""
58412,""
58413,""
58414,""
58415,""
58416,""
58417,""
58418,""
58419,""
58420,""
58421,""
58422,""
58423,""
58424,""
58425,""
58426,""
58427,""
58428,""
58429,"Front"
58430,"Front"
58431,"Front"
58432,"Front"
58433,"Front"
58434,"Front"
58435,"Front"
58436,"Front"
58437,"Front"
58438,"Front"
58439,"Front"
58440,"Front"
58441,"Front"
58442,"Front"
58443,"Front"
58444,"Front"
58445,"Rear"
58446,"Rear"
58447,"Rear"
58448,"Front"
58449,"Front"
58450,"Rear"
58451,"Rear"
58452,"Rear"
58453,"Rear"
58454,"Rear"
58455,""
58456,""
58457,""
58458,""
58459,""
58460,""
58461,""
58462,""
58463,""
58464,""
58465,""
58466,""
58467,""
58468,""
58469,""
58470,""
58471,""
58472,""
58473,""
58474,""
58475,""
58476,""
58477,""
58478,""
58479,""
58480,""
58481,""
58482,""
58483,""
58484,""
58485,""
58486,""
58487,""
58488,""
58489,""
58490,""
58491,""
58492,""
58493,""
58494,""
58495,"Front"
58496,"Front"
58497,"Front"
58498,"Front"
58499,"Front"
58500,"Front"
58501,"Front"
58502,"Front"
58503,"Front"
58504,"Front"
58505,"Front"
58506,"Front"
58507,"Front"
58508,"Front"
58509,"Front"
58510,"Front"
58511,"Front"
58512,"Front"
58513,"Front"
58514,"Front"
58515,"Front"
58516,"Front"
58517,"Front"
58518,"Front"
58519,"Front"
58520,"Front"
58521,"Front"
58522,"Front"
58523,"Front"
58524,"Front"
58525,"Front"
58526,"Front"
58527,"Front"
58528,"Front"
58529,"Front"
58530,"Front"
58531,"Front"
58532,"Front"
58533,"Front"
58534,"Front"
58535,"Front"
58536,"Front"
58537,"Front"
58538,"Front"
58539,"Front"
58540,"Front"
58541,"Front"
58542,"Front"
58543,"Front"
58544,"Front"
58545,"Rear"
58546,"Rear"
58547,"Front"
58548,"Front"
58549,"Rear"
58550,"Front"
58551,"Front"
58552,"Rear"
58553,"Front"
58554,"Front"
58555,"Front"
58556,"Front"
58557,"Rear"
58558,"Front"
58559,"Front"
58560,"Front"
58561,"Front"
58562,"Front"
58563,"Rear"
58564,"Rear"
58565,"Front"
58566,"Front"
58567,"Rear"
58568,"Rear"
58569,"Front"
58570,"Front"
58571,"Front"
58572,"Front"
58573,"Front"
58574,"Front"
58575,"Front"
58576,"Front"
58577,"Front"
58578,"Front"
58579,"Front"
58580,"Front"
58581,"Front"
58582,"Front"
58583,"Front"
58584,"Front"
58585,"Front"
58586,"Front"
58587,"Front"
58588,"Front"
58589,"Front"
58590,"Front"
58591,"Front"
58592,"Front"
58593,"Front"
58594,"Front"
58595,"Front"
58596,"Front"
58597,"Front"
58598,"Front"
58599,"Front"
58600,"Front"
58601,"Front"
58602,"Front"
58603,"Front"
58604,"Front"
58605,"Front"
58606,"Rear"
58607,"Front"
58608,"Rear"
58609,"Rear"
58610,"Front"
58611,"Rear"
58612,"Rear"
58613,"Rear"
58614,"Rear"
58615,"Rear"
58616,"Rear"
58617,"Rear"
58618,"Rear"
58619,"Rear"
58620,"Rear"
58621,"Rear"
58622,"Rear"
58623,"Rear"
58624,"Rear"
58625,"Rear"
58626,"Rear"
58627,"Rear"
58628,"Rear"
58629,"Rear"
58630,"Rear"
58631,"Rear"
58632,"Rear"
58633,"Rear"
58634,"Rear"
58635,"Rear"
58636,"Rear"
58637,"Rear"
58638,"Rear"
58639,"Rear"
58640,"Rear"
58641,"Rear"
58642,"Rear"
58643,"Rear"
58644,"Rear"
58645,"Rear"
58646,"Rear"
58647,"Rear"
58648,"Rear"
58649,"Rear"
58650,"Rear"
58651,"Rear"
58652,"Rear"
58653,"Rear"
58654,"Rear"
58655,"Rear"
58656,"Rear"
58657,"Front"
58658,"Front"
58659,"Front"
58660,"Front"
58661,"Front"
58662,"Front"
58663,"Front"
58664,"Front"
58665,"Front"
58666,"Front"
58667,"Front"
58668,"Front"
58669,"Front"
58670,"Front"
58671,"Front"
58672,"Front"
58673,"Front"
58674,"Front"
58675,"Front"
58676,"Front"
58677,"Front"
58678,"Front"
58679,"Front"
58680,"Front"
58681,"Front"
58682,"Front"
58683,"Front"
58684,"Front"
58685,"Front"
58686,"Front"
58687,"Front"
58688,"Front"
58689,"Front"
58690,"Front"
58691,"Front"
58692,"Front"
58693,"Front"
58694,"Front"
58695,"Front"
58696,"Front"
58697,"Front"
58698,"Front"
58699,"Front"
58700,"Front"
58701,"Front"
58702,"Front"
58703,"Front"
58704,"Front"
58705,"Front"
58706,"Front"
58707,"Front"
58708,"Front"
58709,"Front"
58710,"Front"
58711,"Front"
58712,"Front"
58713,"Front"
58714,"Front"
58715,"Front"
58716,"Front"
58717,"Front"
58718,"Front"
58719,"Front"
58720,"Front"
58721,"Front"
58722,"Front"
58723,"Front"
58724,"Front"
58725,"Front"
58726,"Front"
58727,"Front"
58728,"Front"
58729,"Front"
58730,"Front"
58731,"Front"
58732,"Front"
58733,"Front"
58734,"Front"
58735,""
58736,""
58737,""
58738,""
58739,""
58740,""
58741,""
58742,""
58743,""
58744,""
58745,""
58746,"Lower"
58747,"Lower"
58748,"Lower"
58749,"Lower"
58750,"Lower"
58751,"Lower"
58752,"Lower"
58753,"Lower"
58754,"Lower"
58755,"Lower"
58756,"Lower"
58757,"Lower"
58758,"Lower"
58759,"Front"
58760,"Front"
58761,"Front"
58762,"Front"
58763,"Front"
58764,"Front"
58765,"Front"
58766,"Front"
58767,"Rear"
58768,"Rear"
58769,"Rear"
58770,"Front"
58771,"Front"
58772,""
58773,""
58774,""
58775,""
58776,""
58777,""
58778,""
58779,""
58780,""
58781,""
58782,""
58783,""
58784,""
58785,""
58786,""
58787,""
58788,""
58789,""
58790,""
58791,""
58792,""
58793,""
58794,""
58795,""
58796,""
58797,""
58798,""
58799,""
58800,""
58801,""
58802,""
58803,""
58804,""
58805,""
58806,""
58807,""
58808,""
58809,""
58810,""
58811,""
58812,""
58813,""
58814,""
58815,""
58816,""
58817,""
58818,""
58819,""
58820,""
58821,""
58822,""
58823,""
58824,""
58825,""
58826,""
58827,""
58828,""
58829,""
58830,""
58831,""
58832,""
58833,""
58834,""
58835,""
58836,""
58837,""
58838,""
58839,""
58840,""
58841,""
58842,""
58843,""
58844,""
58845,""
58846,""
58847,""
58848,""
58849,""
58850,""
58851,""
58852,""
58853,""
58854,"Front"
58855,"Front"
58856,"Front"
58857,"Front"
58858,"Front"
58859,"Front"
58860,"Front"
58861,"Front"
58862,"Front"
58863,"Front"
58864,"Front"
58865,"Front"
58866,"Front"
58867,"Front"
58868,"Front"
58869,"Front"
58870,"Front"
58871,"Front"
58872,"Front"
58873,"Front"
58874,"Front"
58875,"Front"
58876,"Front"
58877,"Front"
58878,"Front"
58879,"Front"
58880,"Front"
58881,"Front"
58882,"Front"
58883,"Front"
58884,"Front"
58885,"Front"
58886,"Front"
58887,"Front"
58888,"Front"
58889,"Front"
58890,"Front"
58891,"Front"
58892,"Front"
58893,"Front"
58894,"Front"
58895,"Front"
58896,"Front"
58897,"Front"
58898,"Front"
58899,"Front"
58900,"Front"
58901,"Front"
58902,"Front"
58903,"Front"
58904,"Front"
58905,"Front"
58906,"Front"
58907,"Front"
58908,"Front"
58909,"Front"
58910,"Front"
58911,"Front"
58912,"Front"
58913,"Front"
58914,"Front"
58915,"Front"
58916,"Front"
58917,"Front"
58918,"Front"
58919,"Front"
58920,"Front"
58921,"Front"
58922,"Rear"
58923,"Front"
58924,"Rear"
58925,"Rear"
58926,"Rear"
58927,"Rear"
58928,"Rear"
58929,"Rear"
58930,"Rear"
58931,"Rear"
58932,"Rear"
58933,"Rear"
58934,"Rear"
58935,"Rear"
58936,"Rear"
58937,"Rear"
58938,"Rear"
58939,"Rear"
58940,"Rear"
58941,"Rear"
58942,"Rear"
58943,"Rear"
58944,"Rear"
58945,"Rear"
58946,"Rear"
58947,"Rear"
58948,"Rear"
58949,"Rear"
58950,"Rear"
58951,"Rear"
58952,"Rear"
58953,"Rear"
58954,"Rear"
58955,"Rear"
58956,"Rear"
58957,"Rear"
58958,"Rear"
58959,"Rear"
58960,"Front"
58961,"Rear"
58962,"Rear"
58963,"Rear"
58964,"Rear"
58965,"Rear"
58966,"Front"
58967,"Rear"
58968,"Rear"
58969,"Rear"
58970,"Rear"
58971,"Front"
58972,"Rear"
58973,"Rear"
58974,"Rear"
58975,"Rear"
58976,"Rear"
58977,"Rear"
58978,"Rear"
58979,"Rear"
58980,"Rear"
58981,"Rear"
58982,"Rear"
58983,"Rear"
58984,"Rear"
58985,"Rear"
58986,"Rear"
58987,"Rear"
58988,"Rear"
58989,"Rear"
58990,"Rear"
58991,"Rear"
58992,"Rear"
58993,"Rear"
58994,"Rear"
58995,"Rear"
58996,"Rear"
58997,"Rear"
58998,"Rear"
58999,"Rear"
59000,"Rear"
59001,"Rear"
59002,"Rear"
59003,"Rear"
59004,"Rear"
59005,"Rear"
59006,"Rear"
59007,"Front"
59008,"Rear"
59009,"Front"
59010,"Rear"
59011,"Rear"
59012,"Rear"
59013,"Rear"
59014,"Front"
59015,"Rear"
59016,"Front"
59017,"Rear"
59018,"Rear"
59019,"Rear"
59020,"Rear"
59021,"Rear"
59022,"Rear"
59023,"Rear"
59024,"Rear"
59025,"Rear"
59026,"Rear"
59027,"Rear"
59028,"Rear"
59029,"Rear"
59030,"Rear"
59031,"Rear"
59032,"Rear"
59033,"Rear"
59034,"Rear"
59035,"Rear"
59036,"Rear"
59037,"Rear"
59038,"Rear"
59039,"Rear"
59040,"Rear"
59041,"Rear"
59042,"Rear"
59043,"Rear"
59044,"Rear"
59045,"Rear"
59046,"Rear"
59047,"Rear"
59048,"Rear"
59049,"Rear"
59050,"Rear"
59051,"Rear"
59052,"Rear"
59053,"Rear"
59054,"Rear"
59055,"Rear"
59056,"Rear"
59057,"Rear"
59058,"Rear"
59059,"Front"
59060,"Front"
59061,"Front"
59062,"Front"
59063,"Front"
59064,"Front"
59065,"Rear"
59066,"Front"
59067,"Front"
59068,"Front"
59069,"Front"
59070,"Front"
59071,"Front"
59072,"Front"
59073,"Rear"
59074,"Rear"
59075,"Rear"
59076,"Front"
59077,"Rear"
59078,"Rear"
59079,"Rear"
59080,"Rear"
59081,"Rear"
59082,"Rear"
59083,"Rear"
59084,"Rear"
59085,"Rear"
59086,""
59087,""
59088,""
59089,""
59090,""
59091,""
59092,""
59093,""
59094,""
59095,""
59096,""
59097,""
59098,""
59099,""
59100,""
59101,""
59102,""
59103,""
59104,""
59105,""
59106,""
59107,""
59108,""
59109,""
59110,""
59111,""
59112,""
59113,""
59114,""
59115,""
59116,""
59117,""
59118,""
59119,""
59120,""
59121,""
59122,""
59123,""
59124,""
59125,""
59126,""
59127,""
59128,""
59129,""
59130,""
59131,""
59132,""
59133,""
59134,""
59135,""
59136,""
59137,""
59138,""
59139,""
59140,""
59141,""
59142,""
59143,""
59144,""
59145,""
59146,""
59147,""
59148,""
59149,""
59150,""
59151,""
59152,""
59153,""
59154,""
59155,""
59156,""
59157,""
59158,""
59159,""
59160,""
59161,""
59162,""
59163,""
59164,""
59165,""
59166,""
59167,""
59168,""
59169,""
59170,""
59171,""
59172,""
59173,""
59174,""
59175,""
59176,""
59177,""
59178,""
59179,""
59180,""
59181,""
59182,""
59183,""
59184,""
59185,""
59186,""
59187,""
59188,""
59189,""
59190,""
59191,""
59192,""
59193,""
59194,""
59195,""
59196,""
59197,""
59198,""
59199,""
59200,""
59201,""
59202,""
59203,""
59204,""
59205,""
59206,""
59207,""
59208,""
59209,""
59210,""
59211,""
59212,""
59213,""
59214,""
59215,""
59216,""
59217,""
59218,""
59219,""
59220,""
59221,""
59222,""
59223,""
59224,""
59225,""
59226,""
59227,""
59228,""
59229,""
59230,""
59231,""
59232,""
59233,""
59234,""
59235,""
59236,""
59237,""
59238,""
59239,""
59240,""
59241,""
59242,""
59243,""
59244,""
59245,""
59246,""
59247,""
59248,""
59249,""
59250,""
59251,""
59252,""
59253,""
59254,""
59255,""
59256,""
59257,""
59258,""
59259,""
59260,""
59261,""
59262,""
59263,""
59264,""
59265,""
59266,""
59267,""
59268,""
59269,""
59270,""
59271,""
59272,""
59273,""
59274,""
59275,""
59276,""
59277,""
59278,""
59279,""
59280,""
59281,""
59282,""
59283,""
59284,""
59285,""
59286,""
59287,""
59288,""
59289,""
59290,""
59291,""
59292,""
59293,""
59294,""
59295,""
59296,""
59297,""
59298,""
59299,""
59300,""
59301,""
59302,""
59303,""
59304,""
59305,""
59306,""
59307,""
59308,""
59309,""
59310,""
59311,""
59312,""
59313,""
59314,""
59315,""
59316,""
59317,""
59318,""
59319,""
59320,""
59321,""
59322,""
59323,""
59324,""
59325,""
59326,""
59327,""
59328,""
59329,""
59330,""
59331,""
59332,""
59333,""
59334,""
59335,""
59336,""
59337,""
59338,""
59339,""
59340,""
59341,""
59342,""
59343,""
59344,""
59345,""
59346,""
59347,""
59348,""
59349,""
59350,""
59351,""
59352,""
59353,""
59354,""
59355,""
59356,""
59357,""
59358,""
59359,""
59360,""
59361,""
59362,""
59363,""
59364,""
59365,""
59366,""
59367,""
59368,""
59369,""
59370,""
59371,""
59372,""
59373,""
59374,""
59375,""
59376,""
59377,""
59378,""
59379,""
59380,""
59381,""
59382,""
59383,""
59384,""
59385,""
59386,""
59387,""
59388,""
59389,""
59390,""
59391,""
59392,"Rear"
59393,"Rear"
59394,"Rear"
59395,"Rear"
59396,"Rear"
59397,"Rear"
59398,"Rear"
59399,"Rear"
59400,"Rear"
59401,"Rear"
59402,"Rear"
59403,"Rear"
59404,"Rear"
59405,"Rear"
59406,"Rear"
59407,"Rear"
59408,"Rear"
59409,"Rear"
59410,"Rear"
59411,"Rear"
59412,"Rear"
59413,"Rear"
59414,"Rear"
59415,"Rear"
59416,"Rear"
59417,"Rear"
59418,"Rear"
59419,"Rear"
59420,"Rear"
59421,"Rear"
59422,"Rear"
59423,"Rear"
59424,"Rear"
59425,"Rear"
59426,"Rear"
59427,"Rear"
59428,"Rear"
59429,"Rear"
59430,"Rear"
59431,"Rear"
59432,"Rear"
59433,"Rear"
59434,"Rear"
59435,"Rear"
59436,"Rear"
59437,"Rear"
59438,"Rear"
59439,""
59440,""
59441,""
59442,""
59443,""
59444,""
59445,"Front"
59446,"Front"
59447,"Front"
59448,"Front"
59449,"Front"
59450,"Front"
59451,"Front"
59452,"Front"
59453,"Front"
59454,"Front"
59455,"Front"
59456,"Front"
59457,"Rear"
59458,"Rear"
59459,"Rear"
59460,"Rear"
59461,"Rear"
59462,"Rear"
59463,"Rear"
59464,"Rear"
59465,""
59466,""
59467,""
59468,""
59469,""
59470,""
59471,""
59472,""
59473,""
59474,""
59475,""
59476,""
59477,""
59478,""
59479,""
59480,""
59481,""
59482,""
59483,""
59484,""
59485,""
59486,""
59487,""
59488,""
59489,""
59490,""
59491,""
59492,""
59493,""
59494,""
59495,""
59496,""
59497,""
59498,""
59499,""
59500,""
59501,""
59502,""
59503,""
59504,""
59505,""
59506,""
59507,""
59508,""
59509,""
59510,""
59511,""
59512,""
59513,""
59514,""
59515,""
59516,""
59517,""
59518,""
59519,""
59520,""
59521,""
59522,""
59523,""
59524,""
59525,""
59526,""
59527,""
59528,""
59529,""
59530,""
59531,""
59532,""
59533,""
59534,""
59535,""
59536,""
59537,""
59538,""
59539,""
59540,""
59541,""
59542,""
59543,""
59544,""
59545,""
59546,""
59547,""
59548,""
59549,""
59550,""
59551,""
59552,""
59553,""
59554,""
59555,""
59556,""
59557,""
59558,""
59559,""
59560,""
59561,""
59562,""
59563,""
59564,""
59565,""
59566,""
59567,""
59568,""
59569,""
59570,""
59571,""
59572,""
59573,""
59574,""
59575,""
59576,""
59577,""
59578,""
59579,""
59580,""
59581,""
59582,""
59583,""
59584,""
59585,""
59586,""
59587,""
59588,""
59589,""
59590,"Front"
59591,""
59592,""
59593,""
59594,""
59595,""
59596,""
59597,""
59598,""
59599,""
59600,""
59601,""
59602,""
59603,""
59604,""
59605,""
59606,""
59607,""
59608,""
59609,"Rear"
59610,"Rear"
59611,"Rear"
59612,"Rear"
59613,"Rear"
59614,"Rear"
59615,"Rear"
59616,"Rear"
59617,"Rear"
59618,"Rear"
59619,"Rear"
59620,"Rear"
59621,"Rear"
59622,"Rear"
59623,"Rear"
59624,"Rear"
59625,"Rear"
59626,"Rear"
59627,"Rear"
59628,"Rear"
59629,"Rear"
59630,"Rear"
59631,"Rear"
59632,"Rear"
59633,"Rear"
59634,"Rear"
59635,"Rear"
59636,"Rear"
59637,"Rear"
59638,"Rear"
59639,"Front"
59640,"Front"
59641,"Front"
59642,"Front"
59643,"Front"
59644,"Front"
59645,"Front"
59646,"Front"
59647,"Front"
59648,"Front"
59649,"Front"
59650,"Front"
59651,"Front"
59652,"Front"
59653,"Front"
59654,"Front"
59655,"Front"
59656,"Front"
59657,"Front"
59658,"Front"
59659,"Front"
59660,"Front"
59661,"Front"
59662,"Front"
59663,"Front"
59664,"Front"
59665,"Front"
59666,"Front"
59667,"Front"
59668,"Front"
59669,"Front"
59670,"Front"
59671,"Front"
59672,"Front"
59673,"Front"
59674,"Front"
59675,"Front"
59676,"Front"
59677,"Front"
59678,"Front"
59679,"Front"
59680,"Front"
59681,"Front"
59682,"Front"
59683,"Front"
59684,"Front"
59685,"Front"
59686,"Front"
59687,"Front"
59688,"Front"
59689,"Front"
59690,"Front"
59691,"Front"
59692,"Front"
59693,"Front"
59694,"Front"
59695,"Front"
59696,"Front"
59697,"Front"
59698,"Front"
59699,"Front"
59700,"Front"
59701,"Front"
59702,"Front"
59703,"Front"
59704,"Front"
59705,"Front"
59706,"Front"
59707,"Front"
59708,"Front"
59709,"Front"
59710,"Front"
59711,"Front"
59712,"Front"
59713,"Front"
59714,"Front"
59715,"Rear"
59716,"Front"
59717,"Rear"
59718,"Front"
59719,"Rear"
59720,"Rear"
59721,"Rear"
59722,"Rear"
59723,"Rear"
59724,"Rear"
59725,"Rear"
59726,"Rear"
59727,"Rear"
59728,"Rear"
59729,"Rear"
59730,"Rear"
59731,"Rear"
59732,"Rear"
59733,"Rear"
59734,"Front"
59735,"Front"
59736,"Rear"
59737,"Rear"
59738,"Rear"
59739,"Rear"
59740,"Front"
59741,"Rear"
59742,"Rear"
59743,"Front"
59744,"Rear"
59745,"Rear"
59746,"Rear"
59747,"Front"
59748,"Rear"
59749,"Front"
59750,"Rear"
59751,"Rear"
59752,"Rear"
59753,"Rear"
59754,"Rear"
59755,"Rear"
59756,"Front"
59757,"Rear"
59758,"Front"
59759,"Rear"
59760,"Rear"
59761,"Rear"
59762,"Rear"
59763,"Rear"
59764,"Rear"
59765,"Rear"
59766,"Rear"
59767,"Rear"
59768,"Front"
59769,"Rear"
59770,"Rear"
59771,"Rear"
59772,"Rear"
59773,"Rear"
59774,"Rear"
59775,"Rear"
59776,"Rear"
59777,"Rear"
59778,"Rear"
59779,"Front"
59780,"Front"
59781,"Rear"
59782,"Rear"
59783,"Rear"
59784,"Rear"
59785,"Rear"
59786,"Rear"
59787,"Rear"
59788,"Rear"
59789,"Rear"
59790,"Front"
59791,"Rear"
59792,"Rear"
59793,"Rear"
59794,"Rear"
59795,"Rear"
59796,"Rear"
59797,"Rear"
59798,"Front"
59799,"Rear"
59800,"Rear"
59801,"Rear"
59802,"Rear"
59803,"Rear"
59804,"Rear"
59805,"Rear"
59806,"Rear"
59807,"Rear"
59808,"Rear"
59809,"Rear"
59810,"Rear"
59811,"Rear"
59812,"Rear"
59813,"Rear"
59814,"Rear"
59815,"Rear"
59816,"Rear"
59817,"Front"
59818,"Rear"
59819,"Rear"
59820,"Rear"
59821,"Rear"
59822,"Rear"
59823,"Rear"
59824,"Rear"
59825,"Rear"
59826,"Rear"
59827,"Rear"
59828,"Rear"
59829,"Rear"
59830,"Rear"
59831,"Rear"
59832,"Rear"
59833,"Rear"
59834,"Front"
59835,"Front"
59836,"Front"
59837,"Front"
59838,"Front"
59839,"Front"
59840,"Front"
59841,"Front"
59842,"Front"
59843,"Front"
59844,"Front"
59845,"Front"
59846,"Front"
59847,"Front"
59848,"Front"
59849,"Front"
59850,"Front"
59851,"Front"
59852,"Front"
59853,"Front"
59854,"Front"
59855,"Front"
59856,"Front"
59857,"Front"
59858,"Front"
59859,"Front"
59860,"Front"
59861,"Front"
59862,"Front"
59863,"Front"
59864,"Front"
59865,"Front"
59866,"Front"
59867,"Front"
59868,"Front"
59869,"Front"
59870,"Front"
59871,"Front"
59872,"Front"
59873,"Front"
59874,"Front"
59875,"Front"
59876,"Front"
59877,"Front"
59878,"Front"
59879,"Front"
59880,"Front"
59881,"Front"
59882,"Front"
59883,"Front"
59884,"Front"
59885,"Front"
59886,"Front"
59887,"Front"
59888,"Front"
59889,""
59890,""
59891,""
59892,""
59893,""
59894,""
59895,""
59896,""
59897,""
59898,""
59899,""
59900,""
59901,""
59902,""
59903,""
59904,""
59905,""
59906,""
59907,""
59908,""
59909,""
59910,""
59911,""
59912,""
59913,""
59914,""
59915,""
59916,""
59917,""
59918,""
59919,"Front"
59920,"Rear"
59921,"Rear"
59922,"Rear"
59923,""
59924,""
59925,""
59926,""
59927,""
59928,""
59929,""
59930,""
59931,""
59932,""
59933,""
59934,""
59935,""
59936,""
59937,""
59938,""
59939,""
59940,""
59941,""
59942,""
59943,""
59944,""
59945,""
59946,""
59947,""
59948,""
59949,""
59950,""
59951,""
59952,""
59953,""
59954,""
59955,""
59956,""
59957,""
59958,""
59959,""
59960,""
59961,""
59962,""
59963,""
59964,""
59965,""
59966,""
59967,""
59968,""
59969,""
59970,""
59971,"Front"
59972,"Front"
59973,"Front"
59974,"Front"
59975,"Rear"
59976,"Front"
59977,"Front"
59978,"Front"
59979,"Front"
59980,"Front"
59981,"Front"
59982,"Front"
59983,"Front"
59984,"Front"
59985,"Rear"
59986,"Front"
59987,"Front"
59988,"Front"
59989,""
59990,"Front"
59991,"Front"
59992,"Front"
59993,"Front"
59994,"Front"
59995,"Front"
59996,"Front"
59997,"Front"
59998,"Rear"
59999,"Front"
60000,"Front"
60001,"Front"
60002,"Front"
60003,"Front"
60004,"Front"
60005,"Front"
60006,"Front"
60007,"Rear"
60008,"Front"
60009,"Front"
60010,"Front"
60011,"Front"
60012,"Front"
60013,"Front"
60014,"Front"
60015,"Front"
60016,"Front"
60017,"Front"
60018,"Front"
60019,"Rear"
60020,"Front"
60021,"Front"
60022,"Front"
60023,"Rear"
60024,"Front"
60025,"Front"
60026,"Front"
60027,"Front"
60028,"Front"
60029,"Front"
60030,"Front"
60031,"Front"
60032,"Front"
60033,"Front"
60034,"Front"
60035,"Front"
60036,"Front"
60037,"Front"
60038,"Front"
60039,"Front"
60040,"Front"
60041,"Front"
60042,"Front"
60043,"Front"
60044,"Front"
60045,"Front"
60046,"Front"
60047,"Front"
60048,"Front"
60049,"Front"
60050,"Front"
60051,"Front"
60052,"Front"
60053,"Front"
60054,"Rear"
60055,"Rear"
60056,"Front"
60057,"Rear"
60058,"Rear"
60059,"Rear"
60060,"Front"
60061,"Rear"
60062,"Rear"
60063,"Front"
60064,""
60065,"Rear"
60066,"Rear"
60067,"Front"
60068,"Front"
60069,"Rear"
60070,"Rear"
60071,"Rear"
60072,"Rear"
60073,"Rear"
60074,"Rear"
60075,"Rear"
60076,"Rear"
60077,"Rear"
60078,"Rear"
60079,"Front"
60080,"Rear"
60081,"Rear"
60082,"Front"
60083,"Rear"
60084,"Rear"
60085,"Rear"
60086,"Rear"
60087,"Rear"
60088,"Rear"
60089,"Rear"
60090,"Rear"
60091,"Rear"
60092,"Rear"
60093,"Rear"
60094,"Front"
60095,"Rear"
60096,"Rear"
60097,"Rear"
60098,"Rear"
60099,"Rear"
60100,"Front"
60101,"Rear"
60102,"Rear"
60103,"Rear"
60104,"Rear"
60105,"Rear"
60106,"Rear"
60107,"Rear"
60108,"Rear"
60109,"Rear"
60110,"Rear"
60111,"Rear"
60112,"Rear"
60113,"Rear"
60114,"Rear"
60115,"Rear"
60116,"Rear"
60117,"Rear"
60118,"Rear"
60119,"Rear"
60120,"Rear"
60121,"Rear"
60122,"Front"
60123,"Rear"
60124,"Rear"
60125,"Rear"
60126,"Rear"
60127,"Rear"
60128,"Rear"
60129,"Rear"
60130,"Rear"
60131,"Rear"
60132,"Front"
60133,"Rear"
60134,"Rear"
60135,"Rear"
60136,"Rear"
60137,"Rear"
60138,"Rear"
60139,"Rear"
60140,"Rear"
60141,"Rear"
60142,"Rear"
60143,"Rear"
60144,"Rear"
60145,"Rear"
60146,"Rear"
60147,"Rear"
60148,"Rear"
60149,"Rear"
60150,"Front"
60151,"Rear"
60152,"Rear"
60153,"Rear"
60154,"Rear"
60155,"Front"
60156,"Rear"
60157,"Rear"
60158,"Rear"
60159,"Rear"
60160,"Rear"
60161,"Rear"
60162,"Rear"
60163,"Rear"
60164,"Rear"
60165,"Rear"
60166,"Rear"
60167,"Rear"
60168,"Rear"
60169,"Rear"
60170,"Rear"
60171,"Rear"
60172,"Rear"
60173,"Rear"
60174,"Rear"
60175,"Rear"
60176,"Rear"
60177,"Rear"
60178,"Rear"
60179,"Rear"
60180,"Front"
60181,"Rear"
60182,"Rear"
60183,"Rear"
60184,"Rear"
60185,""
60186,""
60187,""
60188,""
60189,""
60190,""
60191,""
60192,""
60193,""
60194,""
60195,""
60196,""
60197,""
60198,""
60199,""
60200,""
60201,""
60202,""
60203,""
60204,""
60205,""
60206,""
60207,""
60208,""
60209,""
60210,""
60211,""
60212,""
60213,""
60214,""
60215,""
60216,""
60217,""
60218,""
60219,""
60220,""
60221,""
60222,""
60223,""
60224,""
60225,""
60226,""
60227,""
60228,""
60229,""
60230,""
60231,""
60232,""
60233,""
60234,""
60235,""
60236,""
60237,""
60238,""
60239,""
60240,""
60241,""
60242,""
60243,""
60244,""
60245,""
60246,""
60247,""
60248,""
60249,""
60250,""
60251,""
60252,""
60253,""
60254,""
60255,""
60256,""
60257,""
60258,""
60259,""
60260,""
60261,""
60262,""
60263,""
60264,""
60265,""
60266,""
60267,""
60268,""
60269,""
60270,""
60271,""
60272,""
60273,""
60274,""
60275,""
60276,""
60277,""
60278,""
60279,""
60280,""
60281,""
60282,""
60283,""
60284,""
60285,""
60286,""
60287,""
60288,""
60289,""
60290,""
60291,""
60292,""
60293,""
60294,""
60295,""
60296,""
60297,""
60298,""
60299,""
60300,""
60301,""
60302,""
60303,""
60304,""
60305,""
60306,""
60307,""
60308,""
60309,""
60310,""
60311,""
60312,""
60313,""
60314,""
60315,""
60316,""
60317,""
60318,""
60319,""
60320,""
60321,""
60322,""
60323,""
60324,""
60325,""
60326,""
60327,""
60328,""
60329,""
60330,""
60331,""
60332,""
60333,""
60334,""
60335,""
60336,""
60337,""
60338,""
60339,""
60340,""
60341,""
60342,""
60343,""
60344,""
60345,""
60346,""
60347,""
60348,""
60349,""
60350,""
60351,""
60352,""
60353,""
60354,""
60355,""
60356,""
60357,""
60358,""
60359,""
60360,""
60361,""
60362,""
60363,""
60364,""
60365,""
60366,""
60367,""
60368,""
60369,""
60370,""
60371,""
60372,""
60373,""
60374,""
60375,""
60376,""
60377,""
60378,""
60379,""
60380,""
60381,""
60382,""
60383,""
60384,""
60385,""
60386,""
60387,""
60388,""
60389,""
60390,""
60391,""
60392,""
60393,""
60394,""
60395,""
60396,""
60397,""
60398,""
60399,""
60400,""
60401,""
60402,""
60403,""
60404,""
60405,""
60406,""
60407,""
60408,""
60409,""
60410,""
60411,""
60412,""
60413,""
60414,""
60415,""
60416,""
60417,""
60418,""
60419,""
60420,""
60421,""
60422,""
60423,""
60424,""
60425,""
60426,""
60427,""
60428,""
60429,""
60430,""
60431,""
60432,""
60433,""
60434,""
60435,""
60436,""
60437,""
60438,""
60439,""
60440,""
60441,""
60442,""
60443,""
60444,""
60445,""
60446,""
60447,""
60448,""
60449,""
60450,""
60451,""
60452,""
60453,""
60454,""
60455,""
60456,""
60457,""
60458,""
60459,""
60460,""
60461,""
60462,""
60463,""
60464,""
60465,""
60466,""
60467,""
60468,""
60469,""
60470,""
60471,""
60472,""
60473,""
60474,""
60475,""
60476,""
60477,""
60478,""
60479,""
60480,""
60481,""
60482,""
60483,""
60484,""
60485,""
60486,""
60487,""
60488,""
60489,""
60490,""
60491,""
60492,""
60493,""
60494,""
60495,""
60496,""
60497,""
60498,""
60499,""
60500,""
60501,""
60502,""
60503,""
60504,""
60505,""
60506,""
60507,""
60508,""
60509,""
60510,""
60511,""
60512,""
60513,""
60514,""
60515,""
60516,""
60517,""
60518,""
60519,""
60520,""
60521,""
60522,""
60523,""
60524,""
60525,""
60526,""
60527,""
60528,""
60529,""
60530,""
60531,""
60532,""
60533,""
60534,""
60535,""
60536,""
60537,""
60538,""
60539,""
60540,""
60541,""
60542,""
60543,""
60544,""
60545,""
60546,""
60547,""
60548,""
60549,""
60550,""
60551,""
60552,""
60553,""
60554,""
60555,""
60556,""
60557,""
60558,""
60559,""
60560,""
60561,""
60562,""
60563,""
60564,""
60565,""
60566,""
60567,""
60568,""
60569,""
60570,""
60571,""
60572,""
60573,""
60574,""
60575,""
60576,""
60577,""
60578,""
60579,""
60580,""
60581,""
60582,""
60583,""
60584,""
60585,""
60586,""
60587,""
60588,""
60589,""
60590,""
60591,""
60592,""
60593,""
60594,""
60595,""
60596,""
60597,""
60598,""
60599,""
60600,""
60601,""
60602,""
60603,""
60604,""
60605,""
60606,""
60607,""
60608,""
60609,""
60610,""
60611,""
60612,""
60613,""
60614,""
60615,""
60616,""
60617,""
60618,""
60619,""
60620,""
60621,""
60622,""
60623,""
60624,""
60625,""
60626,""
60627,""
60628,""
60629,""
60630,""
60631,""
60632,""
60633,""
60634,""
60635,""
60636,""
60637,""
60638,""
60639,""
60640,""
60641,""
60642,""
60643,""
60644,""
60645,""
60646,""
60647,""
60648,""
60649,""
60650,""
60651,""
60652,""
60653,""
60654,""
60655,""
60656,""
60657,""
60658,""
60659,""
60660,""
60661,""
60662,""
60663,""
60664,""
60665,""
60666,""
60667,""
60668,""
60669,""
60670,""
60671,""
60672,""
60673,""
60674,""
60675,""
60676,""
60677,""
60678,""
60679,""
60680,""
60681,""
60682,""
60683,""
60684,""
60685,""
60686,""
60687,""
60688,""
60689,""
60690,""
60691,""
60692,""
60693,""
60694,""
60695,""
60696,""
60697,""
60698,""
60699,""
60700,""
60701,""
60702,""
60703,""
60704,""
60705,""
60706,""
60707,""
60708,""
60709,""
60710,""
60711,""
60712,""
60713,""
60714,""
60715,""
60716,""
60717,""
60718,""
60719,""
60720,""
60721,""
60722,""
60723,""
60724,""
60725,""
60726,""
60727,""
60728,""
60729,""
60730,""
60731,""
60732,""
60733,""
60734,""
60735,""
60736,""
60737,""
60738,""
60739,""
60740,""
60741,""
60742,""
60743,""
60744,""
60745,""
60746,""
60747,""
60748,""
60749,""
60750,""
60751,""
60752,""
60753,""
60754,""
60755,""
60756,""
60757,""
60758,""
60759,""
60760,""
60761,""
60762,""
60763,""
60764,""
60765,""
60766,""
60767,""
60768,""
60769,""
60770,""
60771,""
60772,""
60773,""
60774,""
60775,""
60776,""
60777,""
60778,""
60779,""
60780,""
60781,""
60782,""
60783,""
60784,""
60785,""
60786,""
60787,""
60788,""
60789,""
60790,""
60791,""
60792,""
60793,""
60794,""
60795,""
60796,""
60797,""
60798,""
60799,""
60800,""
60801,""
60802,""
60803,""
60804,""
60805,""
60806,""
60807,""
60808,""
60809,""
60810,""
60811,""
60812,""
60813,""
60814,""
60815,""
60816,""
60817,""
60818,""
60819,""
60820,""
60821,""
60822,""
60823,""
60824,""
60825,""
60826,""
60827,""
60828,""
60829,""
60830,""
60831,""
60832,""
60833,""
60834,""
60835,""
60836,""
60837,""
60838,""
60839,""
60840,""
60841,""
60842,""
60843,""
60844,""
60845,""
60846,""
60847,""
60848,""
60849,""
60850,""
60851,""
60852,""
60853,""
60854,""
60855,""
60856,""
60857,""
60858,""
60859,""
60860,""
60861,""
60862,""
60863,""
60864,""
60865,""
60866,""
60867,""
60868,""
60869,""
60870,""
60871,""
60872,""
60873,""
60874,""
60875,""
60876,""
60877,""
60878,""
60879,""
60880,""
60881,""
60882,""
60883,""
60884,""
60885,""
60886,""
60887,""
60888,""
60889,""
60890,""
60891,""
60892,""
60893,""
60894,""
60895,""
60896,""
60897,""
60898,""
60899,""
60900,""
60901,""
60902,""
60903,""
60904,""
60905,""
60906,""
60907,""
60908,""
60909,""
60910,""
60911,""
60912,""
60913,""
60914,""
60915,""
60916,""
60917,""
60918,""
60919,""
60920,""
60921,""
60922,""
60923,""
60924,""
60925,""
60926,""
60927,""
60928,""
60929,""
60930,""
60931,""
60932,""
60933,""
60934,""
60935,""
60936,""
60937,""
60938,""
60939,""
60940,""
60941,""
60942,""
60943,""
60944,""
60945,""
60946,""
60947,""
60948,""
60949,""
60950,""
60951,""
60952,""
60953,""
60954,""
60955,""
60956,""
60957,""
60958,""
60959,""
60960,""
60961,""
60962,""
60963,""
60964,""
60965,""
60966,""
60967,""
60968,""
60969,""
60970,""
60971,""
60972,""
60973,""
60974,""
60975,""
60976,""
60977,""
60978,""
60979,""
60980,""
60981,""
60982,""
60983,""
60984,""
60985,""
60986,""
60987,""
60988,""
60989,""
60990,""
60991,""
60992,""
60993,""
60994,""
60995,""
60996,""
60997,""
60998,""
60999,""
61000,""
61001,""
61002,""
61003,""
61004,""
61005,""
61006,""
61007,""
61008,""
61009,""
61010,""
61011,""
61012,""
61013,""
61014,""
61015,""
61016,""
61017,""
61018,""
61019,""
61020,""
61021,""
61022,""
61023,""
61024,""
61025,""
61026,""
61027,""
61028,""
61029,""
61030,""
61031,""
61032,""
61033,""
61034,""
61035,""
61036,""
61037,""
61038,""
61039,""
61040,""
61041,""
61042,""
61043,""
61044,""
61045,""
61046,""
61047,""
61048,""
61049,""
61050,""
61051,""
61052,""
61053,""
61054,""
61055,""
61056,""
61057,""
61058,""
61059,""
61060,""
61061,""
61062,""
61063,""
61064,""
61065,""
61066,""
61067,""
61068,""
61069,""
61070,""
61071,""
61072,""
61073,""
61074,""
61075,""
61076,""
61077,""
61078,""
61079,""
61080,""
61081,""
61082,""
61083,""
61084,""
61085,""
61086,""
61087,""
61088,""
61089,""
61090,""
61091,""
61092,""
61093,""
61094,""
61095,""
61096,""
61097,""
61098,""
61099,""
61100,""
61101,""
61102,""
61103,""
61104,""
61105,""
61106,""
61107,""
61108,""
61109,""
61110,""
61111,""
61112,""
61113,""
61114,""
61115,""
61116,""
61117,""
61118,""
61119,""
61120,""
61121,""
61122,""
61123,""
61124,""
61125,""
61126,""
61127,""
61128,""
61129,""
61130,""
61131,""
61132,""
61133,""
61134,""
61135,""
61136,""
61137,""
61138,""
61139,""
61140,""
61141,""
61142,""
61143,""
61144,""
61145,""
61146,""
61147,""
61148,""
61149,""
61150,""
61151,""
61152,""
61153,""
61154,""
61155,""
61156,""
61157,""
61158,""
61159,""
61160,""
61161,""
61162,""
61163,""
61164,""
61165,""
61166,""
61167,""
61168,""
61169,""
61170,""
61171,""
61172,""
61173,""
61174,""
61175,""
61176,""
61177,""
61178,""
61179,""
61180,""
61181,""
61182,""
61183,""
61184,""
61185,""
61186,""
61187,""
61188,""
61189,""
61190,""
61191,""
61192,""
61193,""
61194,""
61195,""
61196,""
61197,""
61198,""
61199,""
61200,""
61201,""
61202,""
61203,""
61204,""
61205,""
61206,""
61207,""
61208,""
61209,""
61210,""
61211,""
61212,""
61213,""
61214,""
61215,""
61216,""
61217,""
61218,""
61219,""
61220,""
61221,""
61222,""
61223,""
61224,""
61225,""
61226,""
61227,""
61228,""
61229,""
61230,""
61231,""
61232,""
61233,""
61234,""
61235,""
61236,""
61237,""
61238,""
61239,""
61240,""
61241,""
61242,""
61243,""
61244,""
61245,""
61246,""
61247,""
61248,""
61249,""
61250,""
61251,""
61252,""
61253,""
61254,""
61255,""
61256,""
61257,""
61258,""
61259,""
61260,""
61261,""
61262,""
61263,""
61264,""
61265,""
61266,""
61267,""
61268,""
61269,""
61270,""
61271,""
61272,""
61273,""
61274,""
61275,""
61276,""
61277,""
61278,""
61279,""
61280,""
61281,""
61282,""
61283,""
61284,""
61285,""
61286,""
61287,""
61288,""
61289,""
61290,""
61291,""
61292,""
61293,""
61294,""
61295,""
61296,""
61297,""
61298,""
61299,""
61300,""
61301,""
61302,""
61303,""
61304,""
61305,""
61306,""
61307,""
61308,""
61309,""
61310,""
61311,""
61312,""
61313,""
61314,""
61315,""
61316,""
61317,""
61318,""
61319,""
61320,""
61321,""
61322,""
61323,""
61324,""
61325,""
61326,""
61327,""
61328,""
61329,""
61330,""
61331,""
61332,""
61333,""
61334,""
61335,""
61336,""
61337,""
61338,""
61339,""
61340,""
61341,""
61342,""
61343,""
61344,""
61345,""
61346,""
61347,""
61348,""
61349,""
61350,""
61351,""
61352,""
61353,""
61354,""
61355,""
61356,""
61357,""
61358,""
61359,""
61360,""
61361,""
61362,""
61363,""
61364,""
61365,""
61366,""
61367,""
61368,""
61369,""
61370,""
61371,""
61372,""
61373,""
61374,""
61375,""
61376,""
61377,""
61378,""
61379,""
61380,""
61381,""
61382,""
61383,""
61384,""
61385,""
61386,""
61387,""
61388,""
61389,""
61390,""
61391,""
61392,""
61393,""
61394,""
61395,""
61396,""
61397,""
61398,""
61399,""
61400,""
61401,""
61402,""
61403,""
61404,""
61405,""
61406,""
61407,""
61408,""
61409,""
61410,""
61411,""
61412,""
61413,""
61414,""
61415,""
61416,""
61417,""
61418,""
61419,""
61420,""
61421,""
61422,""
61423,""
61424,""
61425,""
61426,""
61427,""
61428,""
61429,""
61430,""
61431,""
61432,""
61433,""
61434,""
61435,""
61436,""
61437,""
61438,""
61439,""
61440,""
61441,""
61442,""
61443,""
61444,""
61445,""
61446,""
61447,""
61448,""
61449,""
61450,""
61451,""
61452,""
61453,""
61454,""
61455,""
61456,""
61457,""
61458,""
61459,""
61460,""
61461,""
61462,""
61463,""
61464,""
61465,""
61466,""
61467,""
61468,""
61469,""
61470,""
61471,""
61472,""
61473,""
61474,""
61475,""
61476,""
61477,""
61478,""
61479,""
61480,""
61481,""
61482,""
61483,""
61484,""
61485,""
61486,""
61487,""
61488,""
61489,""
61490,""
61491,""
61492,""
61493,""
61494,""
61495,""
61496,""
61497,""
61498,""
61499,""
61500,""
61501,""
61502,""
61503,""
61504,""
61505,""
61506,""
61507,""
61508,""
61509,""
61510,""
61511,""
61512,""
61513,""
61514,""
61515,""
61516,""
61517,""
61518,""
61519,""
61520,""
61521,""
61522,""
61523,""
61524,""
61525,""
61526,""
61527,""
61528,""
61529,""
61530,""
61531,""
61532,""
61533,""
61534,""
61535,""
61536,""
61537,""
61538,""
61539,""
61540,""
61541,""
61542,""
61543,""
61544,""
61545,""
61546,""
61547,""
61548,""
61549,""
61550,""
61551,""
61552,""
61553,""
61554,""
61555,""
61556,""
61557,""
61558,""
61559,""
61560,""
61561,""
61562,""
61563,""
61564,""
61565,""
61566,""
61567,""
61568,""
61569,""
61570,""
61571,""
61572,""
61573,""
61574,""
61575,""
61576,""
61577,""
61578,""
61579,""
61580,""
61581,""
61582,""
61583,""
61584,""
61585,""
61586,""
61587,""
61588,""
61589,""
61590,""
61591,""
61592,""
61593,""
61594,""
61595,""
61596,""
61597,""
61598,""
61599,""
61600,""
61601,""
61602,""
61603,""
61604,""
61605,""
61606,""
61607,""
61608,""
61609,""
61610,""
61611,""
61612,""
61613,""
61614,""
61615,""
61616,""
61617,""
61618,""
61619,""
61620,""
61621,""
61622,""
61623,""
61624,""
61625,""
61626,""
61627,""
61628,""
61629,""
61630,""
61631,""
61632,""
61633,""
61634,""
61635,""
61636,""
61637,""
61638,""
61639,""
61640,""
61641,""
61642,""
61643,""
61644,""
61645,""
61646,""
61647,""
61648,""
61649,""
61650,""
61651,""
61652,""
61653,""
61654,""
61655,""
61656,""
61657,""
61658,""
61659,""
61660,""
61661,""
61662,""
61663,""
61664,""
61665,""
61666,""
61667,""
61668,""
61669,""
61670,""
61671,""
61672,""
61673,""
61674,""
61675,""
61676,""
61677,""
61678,""
61679,""
61680,""
61681,""
61682,""
61683,""
61684,""
61685,""
61686,""
61687,""
61688,""
61689,""
61690,""
61691,""
61692,""
61693,""
61694,""
61695,""
61696,""
61697,""
61698,""
61699,""
61700,""
61701,""
61702,""
61703,""
61704,""
61705,""
61706,""
61707,""
61708,""
61709,""
61710,""
61711,""
61712,""
61713,""
61714,""
61715,""
61716,""
61717,""
61718,""
61719,""
61720,""
61721,""
61722,""
61723,""
61724,""
61725,""
61726,""
61727,""
61728,""
61729,""
61730,""
61731,""
61732,""
61733,""
61734,""
61735,""
61736,""
61737,""
61738,""
61739,""
61740,""
61741,""
61742,""
61743,""
61744,""
61745,""
61746,""
61747,""
61748,""
61749,""
61750,""
61751,""
61752,""
61753,""
61754,""
61755,""
61756,""
61757,""
61758,""
61759,""
61760,""
61761,""
61762,""
61763,""
61764,""
61765,""
61766,""
61767,""
61768,""
61769,""
61770,""
61771,""
61772,""
61773,""
61774,""
61775,""
61776,""
61777,""
61778,""
61779,""
61780,""
61781,""
61782,""
61783,""
61784,""
61785,""
61786,""
61787,""
61788,""
61789,""
61790,""
61791,""
61792,""
61793,""
61794,""
61795,""
61796,""
61797,""
61798,""
61799,""
61800,""
61801,""
61802,""
61803,""
61804,""
61805,""
61806,""
61807,""
61808,""
61809,""
61810,""
61811,""
61812,""
61813,""
61814,""
61815,""
61816,""
61817,""
61818,""
61819,""
61820,""
61821,""
61822,""
61823,""
61824,""
61825,""
61826,""
61827,""
61828,""
61829,""
61830,""
61831,""
61832,""
61833,""
61834,""
61835,""
61836,""
61837,""
61838,""
61839,""
61840,""
61841,""
61842,""
61843,""
61844,""
61845,""
61846,""
61847,""
61848,""
61849,""
61850,""
61851,""
61852,""
61853,""
61854,""
61855,""
61856,""
61857,""
61858,""
61859,""
61860,""
61861,""
61862,""
61863,""
61864,""
61865,""
61866,""
61867,""
61868,""
61869,""
61870,""
61871,""
61872,""
61873,""
61874,""
61875,""
61876,""
61877,""
61878,""
61879,""
61880,""
61881,""
61882,""
61883,""
61884,""
61885,""
61886,""
61887,""
61888,""
61889,""
61890,""
61891,""
61892,""
61893,""
61894,""
61895,""
61896,""
61897,""
61898,""
61899,""
61900,""
61901,""
61902,""
61903,""
61904,""
61905,""
61906,""
61907,""
61908,""
61909,""
61910,""
61911,""
61912,""
61913,""
61914,""
61915,""
61916,""
61917,""
61918,""
61919,""
61920,""
61921,""
61922,""
61923,""
61924,""
61925,""
61926,""
61927,""
61928,""
61929,""
61930,""
61931,""
61932,""
61933,""
61934,""
61935,""
61936,""
61937,""
61938,""
61939,""
61940,""
61941,""
61942,""
61943,""
61944,""
61945,""
61946,""
61947,""
61948,""
61949,""
61950,""
61951,""
61952,""
61953,""
61954,""
61955,""
61956,""
61957,""
61958,""
61959,""
61960,""
61961,""
61962,""
61963,""
61964,""
61965,""
61966,""
61967,""
61968,""
61969,""
61970,""
61971,""
61972,""
61973,""
61974,""
61975,""
61976,""
61977,""
61978,""
61979,""
61980,""
61981,""
61982,""
61983,""
61984,""
61985,""
61986,""
61987,""
61988,""
61989,""
61990,""
61991,""
61992,""
61993,""
61994,""
61995,""
61996,""
61997,""
61998,""
61999,""
62000,""
62001,""
62002,""
62003,""
62004,""
62005,""
62006,""
62007,""
62008,""
62009,""
62010,""
62011,""
62012,""
62013,""
62014,""
62015,""
62016,""
62017,""
62018,""
62019,""
62020,""
62021,""
62022,""
62023,""
62024,""
62025,""
62026,""
62027,""
62028,""
62029,""
62030,""
62031,""
62032,""
62033,""
62034,""
62035,""
62036,""
62037,""
62038,""
62039,""
62040,""
62041,""
62042,""
62043,""
62044,""
62045,""
62046,""
62047,""
62048,""
62049,""
62050,""
62051,""
62052,""
62053,""
62054,""
62055,""
62056,""
62057,""
62058,""
62059,""
62060,""
62061,""
62062,""
62063,""
62064,""
62065,""
62066,""
62067,""
62068,""
62069,""
62070,""
62071,""
62072,""
62073,""
62074,""
62075,""
62076,""
62077,""
62078,""
62079,""
62080,""
62081,""
62082,""
62083,""
62084,""
62085,""
62086,""
62087,""
62088,""
62089,""
62090,""
62091,""
62092,""
62093,""
62094,""
62095,""
62096,""
62097,""
62098,""
62099,""
62100,""
62101,""
62102,""
62103,""
62104,""
62105,""
62106,""
62107,""
62108,""
62109,""
62110,""
62111,""
62112,""
62113,""
62114,""
62115,""
62116,""
62117,""
62118,""
62119,""
62120,""
62121,""
62122,""
62123,""
62124,""
62125,""
62126,""
62127,""
62128,""
62129,""
62130,""
62131,""
62132,""
62133,""
62134,""
62135,""
62136,""
62137,""
62138,""
62139,""
62140,""
62141,""
62142,""
62143,""
62144,""
62145,""
62146,""
62147,""
62148,""
62149,""
62150,""
62151,""
62152,""
62153,""
62154,""
62155,""
62156,""
62157,""
62158,""
62159,""
62160,""
62161,""
62162,""
62163,""
62164,""
62165,""
62166,""
62167,""
62168,""
62169,""
62170,""
62171,""
62172,""
62173,""
62174,""
62175,""
62176,""
62177,""
62178,""
62179,""
62180,""
62181,""
62182,""
62183,""
62184,""
62185,""
62186,""
62187,""
62188,""
62189,""
62190,""
62191,""
62192,""
62193,""
62194,""
62195,""
62196,""
62197,""
62198,""
62199,""
62200,""
62201,""
62202,""
62203,""
62204,""
62205,""
62206,""
62207,""
62208,""
62209,""
62210,""
62211,""
62212,""
62213,""
62214,""
62215,""
62216,""
62217,""
62218,""
62219,""
62220,""
62221,""
62222,""
62223,""
62224,""
62225,""
62226,""
62227,""
62228,""
62229,""
62230,""
62231,""
62232,""
62233,""
62234,""
62235,""
62236,""
62237,""
62238,""
62239,""
62240,""
62241,""
62242,""
62243,""
62244,""
62245,""
62246,""
62247,""
62248,""
62249,""
62250,""
62251,""
62252,""
62253,""
62254,""
62255,""
62256,""
62257,""
62258,""
62259,""
62260,""
62261,""
62262,""
62263,""
62264,""
62265,""
62266,""
62267,""
62268,""
62269,""
62270,""
62271,""
62272,""
62273,""
62274,""
62275,""
62276,""
62277,""
62278,""
62279,""
62280,""
62281,""
62282,""
62283,""
62284,""
62285,""
62286,""
62287,""
62288,""
62289,""
62290,""
62291,""
62292,""
62293,""
62294,""
62295,""
62296,""
62297,""
62298,""
62299,""
62300,""
62301,""
62302,""
62303,""
62304,""
62305,""
62306,""
62307,""
62308,""
62309,""
62310,""
62311,""
62312,""
62313,""
62314,""
62315,""
62316,""
62317,""
62318,""
62319,""
62320,""
62321,""
62322,""
62323,""
62324,""
62325,""
62326,""
62327,""
62328,""
62329,""
62330,""
62331,""
62332,""
62333,""
62334,""
62335,""
62336,""
62337,""
62338,""
62339,""
62340,""
62341,""
62342,""
62343,""
62344,""
62345,""
62346,""
62347,""
62348,""
62349,""
62350,""
62351,""
62352,""
62353,""
62354,""
62355,""
62356,""
62357,""
62358,""
62359,""
62360,""
62361,""
62362,""
62363,""
62364,""
62365,""
62366,""
62367,""
62368,""
62369,""
62370,""
62371,""
62372,""
62373,""
62374,""
62375,""
62376,""
62377,""
62378,""
62379,""
62380,""
62381,""
62382,""
62383,""
62384,""
62385,""
62386,""
62387,""
62388,""
62389,""
62390,""
62391,""
62392,""
62393,""
62394,""
62395,""
62396,""
62397,""
62398,""
62399,""
62400,""
62401,""
62402,""
62403,""
62404,""
62405,""
62406,""
62407,""
62408,""
62409,""
62410,""
62411,""
62412,""
62413,""
62414,""
62415,""
62416,""
62417,""
62418,""
62419,""
62420,""
62421,""
62422,""
62423,""
62424,""
62425,""
62426,""
62427,""
62428,""
62429,""
62430,""
62431,""
62432,""
62433,""
62434,""
62435,""
62436,""
62437,""
62438,""
62439,""
62440,""
62441,""
62442,""
62443,""
62444,""
62445,""
62446,""
62447,""
62448,""
62449,""
62450,""
62451,""
62452,""
62453,""
62454,""
62455,""
62456,""
62457,""
62458,""
62459,""
62460,""
62461,""
62462,""
62463,""
62464,""
62465,""
62466,""
62467,""
62468,""
62469,""
62470,""
62471,""
62472,""
62473,""
62474,""
62475,""
62476,""
62477,""
62478,""
62479,""
62480,""
62481,""
62482,""
62483,""
62484,""
62485,""
62486,""
62487,""
62488,""
62489,""
62490,""
62491,""
62492,""
62493,""
62494,""
62495,""
62496,""
62497,""
62498,""
62499,""
62500,""
62501,""
62502,""
62503,""
62504,""
62505,""
62506,""
62507,""
62508,""
62509,""
62510,""
62511,""
62512,""
62513,""
62514,""
62515,""
62516,""
62517,""
62518,""
62519,""
62520,""
62521,""
62522,""
62523,""
62524,""
62525,""
62526,""
62527,""
62528,""
62529,""
62530,""
62531,""
62532,""
62533,""
62534,""
62535,""
62536,""
62537,""
62538,""
62539,""
62540,""
62541,""
62542,""
62543,""
62544,""
62545,""
62546,""
62547,""
62548,""
62549,""
62550,""
62551,""
62552,""
62553,""
62554,""
62555,""
62556,""
62557,""
62558,""
62559,""
62560,""
62561,""
62562,""
62563,""
62564,""
62565,""
62566,""
62567,""
62568,""
62569,""
62570,""
62571,""
62572,""
62573,""
62574,""
62575,""
62576,""
62577,""
62578,""
62579,""
62580,""
62581,""
62582,""
62583,""
62584,""
62585,""
62586,""
62587,""
62588,""
62589,""
62590,""
62591,""
62592,""
62593,""
62594,""
62595,""
62596,""
62597,""
62598,""
62599,""
62600,""
62601,""
62602,""
62603,""
62604,""
62605,""
62606,""
62607,""
62608,""
62609,""
62610,""
62611,""
62612,""
62613,""
62614,""
62615,""
62616,""
62617,""
62618,""
62619,""
62620,""
62621,""
62622,""
62623,""
62624,""
62625,""
62626,""
62627,""
62628,""
62629,""
62630,""
62631,""
62632,""
62633,""
62634,""
62635,""
62636,""
62637,""
62638,""
62639,""
62640,""
62641,""
62642,""
62643,""
62644,""
62645,""
62646,""
62647,""
62648,""
62649,""
62650,""
62651,""
62652,""
62653,""
62654,""
62655,""
62656,""
62657,""
62658,""
62659,""
62660,""
62661,""
62662,""
62663,""
62664,""
62665,""
62666,""
62667,""
62668,""
62669,""
62670,""
62671,""
62672,""
62673,""
62674,""
62675,""
62676,""
62677,""
62678,""
62679,""
62680,""
62681,""
62682,""
62683,""
62684,""
62685,""
62686,""
62687,""
62688,""
62689,""
62690,""
62691,""
62692,""
62693,""
62694,""
62695,""
62696,""
62697,""
62698,""
62699,""
62700,""
62701,""
62702,""
62703,""
62704,""
62705,""
62706,""
62707,""
62708,""
62709,""
62710,""
62711,""
62712,""
62713,""
62714,""
62715,""
62716,""
62717,""
62718,""
62719,""
62720,""
62721,""
62722,""
62723,""
62724,""
62725,""
62726,""
62727,""
62728,""
62729,""
62730,""
62731,""
62732,""
62733,""
62734,""
62735,""
62736,""
62737,""
62738,""
62739,""
62740,""
62741,""
62742,""
62743,""
62744,""
62745,""
62746,""
62747,""
62748,""
62749,""
62750,""
62751,""
62752,""
62753,""
62754,""
62755,""
62756,""
62757,""
62758,""
62759,""
62760,""
62761,""
62762,""
62763,""
62764,""
62765,""
62766,""
62767,""
62768,""
62769,""
62770,""
62771,""
62772,""
62773,""
62774,""
62775,""
62776,""
62777,""
62778,""
62779,""
62780,""
62781,""
62782,""
62783,""
62784,""
62785,""
62786,""
62787,""
62788,""
62789,""
62790,""
62791,""
62792,""
62793,""
62794,""
62795,""
62796,""
62797,""
62798,""
62799,""
62800,""
62801,""
62802,""
62803,""
62804,""
62805,""
62806,""
62807,""
62808,""
62809,""
62810,""
62811,""
62812,""
62813,""
62814,""
62815,""
62816,""
62817,""
62818,""
62819,""
62820,""
62821,""
62822,""
62823,""
62824,""
62825,""
62826,""
62827,""
62828,""
62829,""
62830,""
62831,""
62832,""
62833,""
62834,""
62835,""
62836,""
62837,""
62838,""
62839,""
62840,""
62841,""
62842,""
62843,""
62844,""
62845,""
62846,""
62847,""
62848,""
62849,""
62850,""
62851,""
62852,""
62853,""
62854,""
62855,""
62856,""
62857,""
62858,""
62859,""
62860,""
62861,""
62862,""
62863,""
62864,""
62865,""
62866,""
62867,""
62868,""
62869,""
62870,""
62871,""
62872,""
62873,""
62874,""
62875,""
62876,""
62877,""
62878,""
62879,""
62880,""
62881,""
62882,""
62883,""
62884,""
62885,""
62886,""
62887,""
62888,""
62889,""
62890,""
62891,""
62892,""
62893,""
62894,""
62895,""
62896,""
62897,""
62898,""
62899,""
62900,""
62901,""
62902,""
62903,""
62904,""
62905,""
62906,""
62907,""
62908,""
62909,""
62910,""
62911,""
62912,""
62913,""
62914,""
62915,""
62916,""
62917,""
62918,""
62919,""
62920,""
62921,""
62922,""
62923,""
62924,""
62925,""
62926,""
62927,""
62928,""
62929,""
62930,""
62931,""
62932,""
62933,""
62934,""
62935,""
62936,""
62937,""
62938,""
62939,""
62940,""
62941,""
62942,""
62943,""
62944,""
62945,""
62946,""
62947,""
62948,""
62949,""
62950,""
62951,""
62952,""
62953,""
62954,""
62955,""
62956,""
62957,""
62958,""
62959,""
62960,""
62961,""
62962,""
62963,""
62964,""
62965,""
62966,""
62967,""
62968,""
62969,""
62970,""
62971,""
62972,""
62973,""
62974,""
62975,""
62976,""
62977,""
62978,""
62979,""
62980,""
62981,""
62982,""
62983,""
62984,""
62985,""
62986,""
62987,""
62988,""
62989,""
62990,""
62991,""
62992,""
62993,""
62994,""
62995,""
62996,""
62997,""
62998,""
62999,""
63000,""
63001,""
63002,""
63003,""
63004,""
63005,""
63006,""
63007,""
63008,""
63009,""
63010,""
63011,""
63012,""
63013,""
63014,""
63015,""
63016,""
63017,""
63018,""
63019,""
63020,""
63021,""
63022,""
63023,""
63024,""
63025,""
63026,""
63027,""
63028,""
63029,""
63030,""
63031,""
63032,""
63033,""
63034,""
63035,""
63036,""
63037,""
63038,""
63039,""
63040,""
63041,""
63042,""
63043,""
63044,""
63045,""
63046,""
63047,""
63048,""
63049,""
63050,""
63051,""
63052,""
63053,""
63054,""
63055,""
63056,""
63057,""
63058,""
63059,""
63060,""
63061,""
63062,""
63063,""
63064,""
63065,""
63066,""
63067,""
63068,""
63069,""
63070,""
63071,""
63072,""
63073,""
63074,""
63075,""
63076,""
63077,""
63078,""
63079,""
63080,""
63081,""
63082,""
63083,""
63084,""
63085,""
63086,""
63087,""
63088,""
63089,""
63090,""
63091,""
63092,""
63093,""
63094,""
63095,""
63096,""
63097,""
63098,""
63099,""
63100,""
63101,""
63102,""
63103,""
63104,""
63105,""
63106,""
63107,""
63108,""
63109,""
63110,""
63111,""
63112,""
63113,""
63114,""
63115,""
63116,""
63117,""
63118,""
63119,""
63120,""
63121,""
63122,""
63123,""
63124,""
63125,""
63126,""
63127,""
63128,""
63129,""
63130,""
63131,""
63132,""
63133,""
63134,""
63135,""
63136,""
63137,""
63138,""
63139,""
63140,""
63141,""
63142,""
63143,""
63144,""
63145,""
63146,""
63147,""
63148,""
63149,""
63150,""
63151,""
63152,""
63153,""
63154,""
63155,""
63156,""
63157,""
63158,""
63159,""
63160,""
63161,""
63162,""
63163,""
63164,""
63165,""
63166,""
63167,""
63168,""
63169,""
63170,""
63171,""
63172,""
63173,""
63174,""
63175,""
63176,""
63177,""
63178,""
63179,""
63180,""
63181,""
63182,""
63183,""
63184,""
63185,""
63186,""
63187,""
63188,""
63189,""
63190,""
63191,""
63192,""
63193,""
63194,""
63195,""
63196,""
63197,""
63198,""
63199,""
63200,""
63201,""
63202,""
63203,""
63204,""
63205,""
63206,""
63207,""
63208,""
63209,""
63210,""
63211,""
63212,""
63213,""
63214,""
63215,""
63216,""
63217,""
63218,""
63219,""
63220,""
63221,""
63222,""
63223,""
63224,""
63225,""
63226,""
63227,""
63228,""
63229,""
63230,""
63231,""
63232,""
63233,""
63234,""
63235,""
63236,""
63237,""
63238,""
63239,""
63240,""
63241,""
63242,""
63243,""
63244,""
63245,""
63246,""
63247,""
63248,""
63249,""
63250,""
63251,""
63252,""
63253,""
63254,""
63255,""
63256,""
63257,""
63258,""
63259,""
63260,""
63261,""
63262,""
63263,""
63264,""
63265,""
63266,""
63267,""
63268,""
63269,""
63270,""
63271,""
63272,""
63273,""
63274,""
63275,""
63276,""
63277,""
63278,""
63279,""
63280,""
63281,""
63282,""
63283,""
63284,""
63285,""
63286,""
63287,""
63288,""
63289,""
63290,""
63291,""
63292,""
63293,""
63294,""
63295,""
63296,""
63297,""
63298,""
63299,""
63300,""
63301,""
63302,""
63303,""
63304,""
63305,""
63306,""
63307,""
63308,""
63309,""
63310,""
63311,""
63312,""
63313,""
63314,""
63315,""
63316,""
63317,""
63318,""
63319,""
63320,""
63321,""
63322,""
63323,""
63324,""
63325,""
63326,""
63327,""
63328,""
63329,""
63330,""
63331,""
63332,""
63333,""
63334,""
63335,""
63336,""
63337,""
63338,""
63339,""
63340,""
63341,""
63342,""
63343,""
63344,""
63345,""
63346,""
63347,""
63348,""
63349,""
63350,""
63351,""
63352,""
63353,""
63354,""
63355,""
63356,""
63357,""
63358,""
63359,""
63360,""
63361,""
63362,""
63363,""
63364,""
63365,""
63366,""
63367,""
63368,""
63369,""
63370,""
63371,""
63372,""
63373,""
63374,""
63375,""
63376,""
63377,""
63378,""
63379,""
63380,""
63381,""
63382,""
63383,""
63384,""
63385,""
63386,""
63387,""
63388,""
63389,""
63390,""
63391,""
63392,""
63393,""
63394,""
63395,""
63396,""
63397,""
63398,""
63399,""
63400,""
63401,""
63402,""
63403,""
63404,""
63405,""
63406,""
63407,""
63408,""
63409,""
63410,""
63411,""
63412,""
63413,""
63414,""
63415,""
63416,""
63417,""
63418,""
63419,""
63420,""
63421,""
63422,""
63423,""
63424,""
63425,""
63426,""
63427,""
63428,""
63429,""
63430,""
63431,""
63432,""
63433,""
63434,""
63435,""
63436,""
63437,""
63438,""
63439,""
63440,""
63441,""
63442,""
63443,""
63444,""
63445,""
63446,""
63447,""
63448,""
63449,""
63450,""
63451,""
63452,""
63453,""
63454,""
63455,""
63456,""
63457,""
63458,""
63459,""
63460,""
63461,""
63462,""
63463,""
63464,""
63465,""
63466,""
63467,""
63468,""
63469,""
63470,""
63471,""
63472,""
63473,""
63474,""
63475,""
63476,""
63477,""
63478,""
63479,""
63480,""
63481,""
63482,""
63483,""
63484,""
63485,""
63486,""
63487,""
63488,""
63489,""
63490,""
63491,""
63492,""
63493,""
63494,""
63495,""
63496,""
63497,""
63498,""
63499,""
63500,""
63501,""
63502,""
63503,""
63504,""
63505,""
63506,""
63507,""
63508,""
63509,""
63510,""
63511,""
63512,""
63513,""
63514,""
63515,""
63516,""
63517,""
63518,""
63519,""
63520,""
63521,""
63522,""
63523,""
63524,""
63525,""
63526,""
63527,""
63528,""
63529,""
63530,""
63531,""
63532,""
63533,""
63534,""
63535,""
63536,""
63537,""
63538,""
63539,""
63540,""
63541,""
63542,""
63543,""
63544,""
63545,""
63546,""
63547,""
63548,""
63549,""
63550,""
63551,""
63552,""
63553,""
63554,""
63555,""
63556,""
63557,""
63558,""
63559,""
63560,""
63561,""
63562,""
63563,""
63564,""
63565,""
63566,""
63567,""
63568,""
63569,""
63570,""
63571,""
63572,""
63573,""
63574,""
63575,""
63576,""
63577,""
63578,""
63579,""
63580,""
63581,""
63582,""
63583,""
63584,""
63585,""
63586,""
63587,""
63588,""
63589,""
63590,""
63591,""
63592,""
63593,""
63594,""
63595,""
63596,""
63597,""
63598,""
63599,""
63600,""
63601,""
63602,""
63603,""
63604,""
63605,""
63606,""
63607,""
63608,""
63609,""
63610,""
63611,""
63612,""
63613,""
63614,""
63615,""
63616,""
63617,""
63618,""
63619,""
63620,""
63621,""
63622,""
63623,""
63624,""
63625,""
63626,""
63627,""
63628,""
63629,""
63630,""
63631,""
63632,""
63633,""
63634,""
63635,""
63636,""
63637,""
63638,""
63639,""
63640,""
63641,""
63642,""
63643,""
63644,""
63645,""
63646,""
63647,""
63648,""
63649,""
63650,""
63651,""
63652,""
63653,""
63654,""
63655,""
63656,""
63657,""
63658,""
63659,""
63660,""
63661,""
63662,""
63663,""
63664,""
63665,""
63666,""
63667,""
63668,""
63669,""
63670,""
63671,""
63672,""
63673,""
63674,""
63675,""
63676,""
63677,""
63678,""
63679,""
63680,""
63681,""
63682,""
63683,""
63684,""
63685,""
63686,""
63687,""
63688,""
63689,""
63690,""
63691,""
63692,""
63693,""
63694,""
63695,""
63696,""
63697,""
63698,""
63699,""
63700,""
63701,""
63702,""
63703,""
63704,""
63705,""
63706,""
63707,""
63708,""
63709,""
63710,""
63711,""
63712,""
63713,""
63714,""
63715,""
63716,""
63717,""
63718,""
63719,""
63720,""
63721,""
63722,""
63723,""
63724,""
63725,""
63726,""
63727,""
63728,""
63729,""
